TSNE1,TSNE2
4.631395,-35.798946
55.923813,24.622114
21.300968,25.297321
30.038277,4.6258183
22.55573,28.533432
-5.683344,39.830235
16.201403,-35.79409
10.492148,-56.432175
-35.524914,29.278696
55.914726,24.593273
3.4149382,-35.439014
6.29161,39.477173
57.620926,-22.409637
64.94567,-16.530287
27.71176,28.667875
-19.020641,-4.000317
16.165049,-31.299297
19.918484,-32.646748
-0.7121711,2.49229
10.559117,71.153114
35.49045,12.347373
-26.883911,42.825283
9.898671,70.55046
10.979995,-63.5633
19.637146,25.895674
19.958963,28.052008
-7.632649,-2.056636
15.29883,-54.109657
19.63949,30.111713
-1.3201917,-57.09882
64.08677,18.035137
18.915174,31.03848
33.154064,8.029864
60.791695,-11.713885
-0.19426501,-9.103615
43.0269,17.887548
10.24084,69.49738
-46.06567,22.975506
54.40733,23.055557
-18.167032,-28.766926
18.167196,-31.25478
7.8144374,-2.3007424
8.800738,68.29618
-2.4353614,0.22434875
-27.709473,37.519726
-9.777821,-18.829052
12.014009,19.31754
-8.10739,33.462917
1.6058314,54.86925
40.077137,19.02737
-14.66561,-8.93113
-28.162153,45.477745
-5.381499,40.225067
-46.030113,-31.874235
19.695333,35.79837
22.365667,-30.637527
-32.740803,-23.219147
5.827224,-23.629478
54.522583,-27.565613
3.7867634,-62.52636
-20.669806,-29.40259
14.538629,-35.5288
-5.9030285,-26.800064
10.465667,-56.412918
-11.740198,-5.302214
63.234352,20.477333
-4.4072843,-27.369766
54.236164,-31.562061
-4.3566327,1.0576762
-44.392517,-24.580511
-43.707108,-23.00136
10.891863,-63.10304
-0.79131556,-17.336702
21.927332,-29.99052
-4.7891593,-29.719658
16.101606,-31.228603
-23.440584,45.064983
-21.65635,2.5786607
-35.712254,-28.319944
-45.999207,-31.649204
-68.1697,-13.527664
64.83668,-3.6933436
69.118515,-1.0536875
-44.4168,-24.67239
-3.2212744,44.85335
-28.146946,45.44441
-1.3431998,48.210117
18.822319,40.247425
-5.492749,-48.617405
-11.725181,-6.626076
-36.306606,-14.681809
59.77161,-9.117284
6.498592,-24.941671
69.35496,-3.8743656
17.154652,37.982246
5.9281106,2.3521574
5.3927684,-37.217575
9.787061,21.270987
-67.60474,-4.998291
67.727455,8.621714
-2.295417,-58.199932
-28.74148,34.93982
7.775513,65.64795
-38.289944,41.992897
0.9663939,44.23027
-3.1729803,44.85361
3.0033035,56.245724
-6.2584357,18.89054
58.5692,-20.764927
27.621752,-30.548702
-33.034855,32.62443
-7.2546124,-2.8018925
-0.9290412,2.071412
-37.115944,-29.358107
5.0673504,21.823408
-57.916077,13.58653
-21.033169,-20.05264
-34.377285,-21.485378
-20.923601,-33.119316
25.763735,-26.989187
61.261497,-16.50717
-8.7773485,1.4844569
20.128185,31.28816
6.3931403,-20.461843
-40.238155,-27.040249
54.830482,-26.640913
3.292715,-57.832027
-32.701393,41.903873
2.0448394,-54.96364
-39.31621,26.904772
-18.444551,-33.515785
-9.766281,13.67667
-36.118774,-21.832935
-28.149519,35.464634
-32.559795,42.51114
-8.560805,-19.903955
14.28446,-63.691944
-25.693464,42.853733
22.346111,-31.44652
-4.535049,-29.133997
-34.748993,46.17067
3.212572,65.39237
-9.65883,12.05728
-54.697643,7.119158
-47.968193,23.29261
18.715273,-48.426716
0.57800263,53.209507
29.934359,-38.47068
8.581692,-62.34712
29.331553,-37.712227
-38.586826,-17.157698
-6.2083454,18.864922
-7.5535903,-32.105988
15.275503,-64.98955
1.9213285,56.223114
-62.99865,4.698895
-64.603294,5.6025486
7.715595,-62.89226
19.243097,29.963305
67.512405,-0.863148
63.59012,-11.055098
1.0318516,-33.279125
14.575216,2.287224
40.65714,9.528486
-6.8038263,-23.638832
8.375501,-17.034483
-28.776648,36.269505
14.394992,-32.15687
20.948368,-30.789537
2.0610824,57.821537
-9.660528,1.93243
-39.335865,-22.751856
-40.86591,-19.187124
17.837088,-50.304142
-36.588444,40.63043
29.103292,5.836959
-27.407862,43.935593
-31.461264,-26.627598
4.7676067,-55.24044
-38.417866,-16.55625
17.317738,-52.962368
54.227375,-26.488056
-23.92296,44.98854
-4.4074574,-28.645477
10.115653,70.33672
10.604338,19.427643
-49.28114,21.69781
13.921556,-32.234703
-20.660196,-10.742707
-19.636349,-34.085224
-34.264034,30.871416
-29.115023,30.578527
-35.48548,-13.591349
71.74664,9.0131235
1.5510985,45.240593
1.3570879,-26.659775
-3.3470707,0.9694199
-22.80082,44.16764
64.84002,3.5581992
-19.85324,0.4364825
-28.119757,43.208652
25.050625,-13.030276
65.61119,-1.9626113
27.955524,-25.94137
-28.497833,-5.959863
18.885862,29.14175
-67.968925,-5.8440847
18.9923,-23.986397
-7.8230505,18.784487
-23.505667,45.05415
1.3131799,43.445007
-39.636765,26.274948
-6.6686554,-54.60601
-25.113987,41.07313
18.548676,-46.9095
-36.197723,-14.62372
3.8929422,65.3854
4.0865736,-17.020466
66.6475,17.930923
13.630674,7.6412787
30.47069,25.400038
63.361877,8.128926
-1.2660384,44.84102
56.59277,-11.284803
5.6130953,-2.3428643
0.053759545,12.718393
72.9888,7.883249
27.914791,-25.933666
19.131424,-26.062271
-32.10623,-8.0816
-28.530571,48.224743
10.45616,21.056555
40.255302,6.9732904
4.235238,60.49557
39.591175,7.5472865
68.60502,-4.2174244
4.2860413,-56.794308
-7.618575,33.490902
-4.6685963,0.9413957
54.386547,-32.822563
-19.74666,-16.56876
10.486644,-13.161207
-28.001957,-0.070754
-46.72477,22.94046
6.6491027,64.42577
-47.321697,23.518955
-53.173763,16.655544
31.83851,-32.178078
23.424318,-21.94577
-7.242597,15.544882
30.502035,25.580929
54.21416,-31.460142
3.05951,5.1496305
-29.152143,37.255962
-20.372845,-18.315733
68.46159,-3.5848289
46.918537,22.996122
3.5480485,-16.731777
8.046951,-2.759639
-9.51794,33.857185
-2.3811278,-25.123957
-8.446835,-6.995952
26.24892,29.578665
9.833281,69.428246
-43.697704,-22.983435
3.250818,65.07556
19.902458,27.62209
12.487553,16.900621
68.47751,-4.330165
27.802923,-24.632542
27.912975,-26.881935
-28.277826,-6.057725
14.209281,-32.077045
29.402958,-34.106533
26.808104,-26.590712
-7.4453273,15.226603
3.9616942,60.375237
71.79075,-1.6449149
68.10488,6.7949047
4.20192,-29.640945
59.480415,-15.823598
51.929726,22.707844
1.0267516,49.71215
-38.065277,-22.123726
-31.729757,44.631954
-5.4470916,-26.845217
5.0350184,62.025448
-21.463978,38.02618
-60.19867,0.880059
66.11524,6.0933604
34.44219,14.640308
26.133215,-15.361643
59.604313,-16.279148
2.150743,13.877051
18.541868,-48.65281
39.626156,4.6038976
-11.252193,-49.50726
-19.1898,-4.726307
-10.081169,32.916622
-26.558414,43.861595
68.52786,4.884343
27.776955,-31.354366
-32.640415,-20.349493
54.118477,21.79717
-19.057358,-25.071856
-33.044937,31.425991
-27.884172,42.087856
39.8889,6.8473215
-42.954052,-29.351597
-53.856514,19.188002
21.79763,-38.150043
-20.141157,-35.04745
10.816628,-12.283596
-22.329687,-34.627724
-55.585243,15.462571
-69.99702,-10.3674755
-40.95787,-19.15014
-26.96423,43.767357
-4.376596,20.83294
25.0019,28.374554
65.012566,-2.0454533
7.2353606,-58.150658
-34.95319,-13.281753
-19.880787,-0.47377098
21.81704,-32.202343
-30.46597,31.908175
-33.47184,-24.24587
41.804695,17.084742
6.107282,-58.29788
-32.50659,43.562923
-28.712683,46.785233
58.2243,-23.530031
-70.48544,-10.83302
-67.302864,-10.3175125
-70.3741,-10.536541
-70.01478,-11.239353
-5.957814,19.900972
-1.4217997,-6.001021
64.48862,7.6930337
-69.835304,-11.00242
-69.99701,-10.367472
21.704706,-31.655655
-52.937305,18.135643
4.4504585,-36.089535
9.22671,67.70653
3.0777354,-57.87211
37.33994,17.892313
-29.186314,-3.3093586
4.215882,-36.081203
-5.3357277,13.458193
-70.48544,-10.833013
-56.732067,19.287537
-47.719864,22.834
48.246372,23.613998
-58.24411,13.61876
-4.8505144,-32.43689
53.828186,-30.21842
-69.81015,-10.82328
-6.2982645,-6.8489637
46.686733,20.528193
36.579697,9.368337
7.405259,19.601133
-45.527157,-28.983906
-40.14197,28.525196
7.4579954,21.638767
-2.0040145,-26.896057
23.887642,-31.248592
30.755049,-32.224392
4.623875,-16.62776
62.79218,0.35346502
49.990494,18.823204
-10.077002,13.739904
-70.407455,-11.076672
64.653366,-8.744861
32.472095,11.003165
2.3912425,13.955583
56.995064,-27.919636
5.953577,-21.210007
-69.984184,-10.377016
27.945024,-36.57922
-70.252846,-11.192727
-74.12579,-9.034664
1.5068151,16.466576
-4.43787,46.842205
-19.112648,-4.641335
9.660792,69.10456
-27.187279,40.817528
31.417566,-32.371456
21.493555,-31.11508
-70.28427,-11.174444
61.205288,-17.11634
-38.88884,38.888775
-10.129097,-50.994297
13.783226,18.258673
-21.469234,38.044167
-70.37412,-10.536571
20.321005,35.264984
-6.094075,-29.805279
-65.82538,2.7605572
-44.964794,20.406446
-44.428196,-24.682438
-11.929671,-45.901512
63.40469,7.7223825
-47.4975,23.47777
-69.815285,-10.723221
0.09147637,17.166508
36.667496,15.851208
-4.0354466,-32.79516
49.461025,18.479143
60.156254,-23.021025
5.84251,-23.891726
23.122429,39.325848
22.18181,35.18252
-9.456055,-4.5150323
-67.164116,-0.8860946
-60.200127,0.8805102
-22.122635,-11.444813
16.668217,14.815958
68.897446,-4.916744
-49.068874,18.383959
9.132992,67.80516
-69.8883,-11.109459
11.581764,-11.79218
16.062006,19.305483
-32.670616,-29.466812
29.21974,-34.01293
-33.922413,-10.291986
-60.774914,14.879203
19.213734,39.189606
-6.3266773,41.598053
-5.0056043,33.631413
15.132298,-64.993095
53.862404,-27.877577
30.201355,-38.5464
0.53458077,0.8879825
-70.12828,-10.327888
59.395134,22.808954
39.68605,4.584456
27.762798,-27.855661
6.5094028,-59.551758
-8.1460285,-51.20003
57.791256,-13.811635
63.703243,-10.536034
38.300873,6.047943
4.196041,-28.924736
7.073517,-58.451736
-3.9867196,44.65696
0.21789975,57.686012
1.8124853,-31.76085
26.675722,-33.985695
-45.300762,-27.337772
-18.506784,-34.125813
15.743098,18.38438
-0.7203148,-58.51085
42.837833,12.160915
19.676943,36.712887
9.622833,66.180786
37.385303,18.047329
-25.1461,3.8620052
-32.680634,42.5256
44.028988,17.981138
20.119167,28.295826
-52.67042,11.376007
-37.372963,24.621996
7.799319,-11.235236
19.725702,28.464466
31.556313,8.880152
56.105408,21.91083
29.63997,-22.129917
33.632034,9.980519
6.8628488,66.86155
-40.352413,26.859377
9.140274,66.80259
-63.819717,5.455024
55.70425,22.596775
55.797096,-25.07173
30.85589,-33.598755
71.74286,7.4579573
-31.40444,-22.44333
2.717306,58.55632
-54.15953,13.556318
-31.407185,-28.871542
9.412917,65.595314
-3.470422,1.1210234
-3.6819062,1.0821885
-15.458047,-17.227182
-11.9605055,0.9583129
57.83889,19.641932
-44.557083,21.82259
5.1124024,7.9946947
-43.170837,20.687593
-19.48956,-21.433645
-33.7075,-7.5107217
-32.220688,32.264534
-18.55062,-21.125088
46.48113,17.431593
-6.2982135,14.004584
5.6889076,-26.427847
12.006872,18.672754
49.178673,18.373114
26.115425,-15.222416
-1.9262348,-26.999949
-65.246284,2.5150683
57.23579,-23.316294
3.5498178,16.014118
37.13822,13.389429
-20.766104,-25.997452
62.275787,-7.4201026
55.68574,23.230047
-10.511673,-24.058252
49.068043,18.250906
-33.81255,30.591074
31.90773,-37.54139
-59.57444,3.378537
-36.180065,-21.77457
2.5425158,5.712257
1.3022525,-30.532383
-0.80760217,-7.041994
-20.415092,-30.590567
4.4389095,7.4692926
-3.8230872,42.934082
33.378456,19.775118
-2.7800837,-33.145325
34.42378,22.023273
0.5095707,12.8930645
14.668215,13.407353
-0.15379377,16.029047
54.25825,-31.298252
-4.37106,19.428274
54.249638,-32.02891
18.792305,35.01134
-28.763361,47.919437
-35.94757,29.237734
9.450764,66.54747
64.202286,3.03848
-59.583607,12.092873
-4.648841,47.21711
-69.15216,-6.6041365
3.202555,65.01271
-10.571341,-23.96547
-72.93777,-9.166554
-18.81194,-18.464664
-67.56,-4.568681
-28.19001,35.50852
43.430153,18.020506
-20.09263,-18.142717
3.0516036,3.6292753
19.61908,-31.697775
7.916874,-13.2999115
54.45568,-28.895723
-1.571154,-61.54163
-31.829071,31.215218
25.835995,-34.407475
19.399126,-30.06012
11.990913,14.366421
-42.161854,18.743145
0.28983158,0.8276636
11.095277,-63.575928
5.0354085,62.04263
7.8280234,-63.026333
60.675426,24.093422
-9.483513,1.4614321
-0.65210533,2.5083375
57.348557,18.92163
-34.105232,-19.61485
19.580671,24.798843
-0.051592655,2.8501794
10.77368,5.780498
-8.071155,-51.113506
71.5051,8.49849
-1.9268088,49.369442
-40.153603,-23.691124
-34.978973,-13.063798
-33.141117,32.56537
13.852031,-32.493603
65.57254,5.266977
58.1075,-12.870627
-65.85897,2.2432797
40.417755,9.970606
-27.525166,37.417824
19.178165,32.09531
60.976437,23.513836
-20.5854,-31.983248
-44.91049,21.177229
-47.587067,24.169334
-0.8977911,-58.878838
-33.082268,45.80189
57.47263,-27.403824
-64.84946,5.4773674
-50.669334,19.906155
-32.234425,-28.59315
-4.1347804,1.5645883
7.8321266,-12.887371
29.100286,-37.125698
-7.8874393,-51.02692
-0.14847182,-60.85938
-26.10786,-6.137656
-38.050102,42.95683
-28.48734,30.595425
-6.358315,-54.82909
-42.45092,17.64306
25.704895,28.94489
67.44059,-1.0607883
-10.84603,-31.318897
-38.09222,24.686155
-22.935972,44.697567
2.9772694,6.6937404
4.685303,62.15154
-4.5805593,-26.227774
4.328142,63.00483
-44.393826,33.44353
26.215223,29.517942
0.5023025,52.947765
19.462791,-31.443808
19.089985,35.64603
-44.090454,24.977497
-21.440313,1.4966941
7.7622943,66.86931
-4.4172297,-7.24594
-6.9155865,-23.814436
30.12245,4.4971848
-28.381678,31.7278
67.43265,8.705698
-4.2083693,0.029627595
47.837208,17.667408
-42.835793,-29.229797
60.708275,-16.209385
-43.3225,29.141312
12.215091,-63.694096
-8.993017,-22.153711
26.065823,29.317173
-19.205732,-4.735245
57.75923,-20.436436
8.027441,-12.123173
-25.50424,-2.1216486
-17.550146,-26.608532
-10.842869,-46.78014
-27.030087,0.62210345
5.390387,-56.024426
8.750152,-0.5690201
-1.4837773,-6.297015
30.619133,29.48525
-32.798027,43.385006
-20.065422,1.6155226
5.2863073,-56.38679
-19.72176,-30.560595
-62.544678,1.8745219
-65.2873,2.4968739
21.120314,-21.758654
-44.834663,-26.343355
19.581705,25.396908
54.476887,-28.708092
4.994052,62.1692
1.5045999,55.08553
5.025407,62.0043
-14.619455,-8.490886
23.017881,-30.779816
68.94611,-5.841974
3.4456542,59.765976
-32.146847,43.833385
19.446697,37.61201
38.1198,8.565455
19.026691,32.653263
-37.62376,41.429016
3.6907601,-63.43824
-17.987879,-14.60335
-9.7437525,16.133772
3.421272,6.190894
-29.327543,36.952785
18.999817,39.985874
-23.780691,-11.904263
15.955041,-35.906204
-11.979734,-45.89844
10.611636,10.70421
-1.1037847,44.168423
-30.623653,31.685022
-20.672846,-29.03391
17.623606,-51.8178
-0.037998967,-60.171352
16.746025,18.7307
24.047638,-14.651289
57.281548,-13.608341
-7.4241934,36.497856
-19.189785,0.44612074
14.809934,14.8236685
49.048878,22.3682
5.292526,-57.258038
40.672016,18.959795
65.90607,-10.69318
-54.175674,13.312535
-66.76175,-10.001075
4.529892,-61.896755
-45.43782,-28.12888
-46.706684,-30.285042
19.5039,40.086773
-30.94767,-30.48101
18.209835,-20.25911
19.645258,40.515537
-42.584232,26.961782
-19.255497,-35.063866
-73.96929,-9.606029
18.950191,40.1754
19.513222,40.035095
-5.47843,-54.07415
18.918571,40.041748
-25.167841,-2.4304438
36.17986,9.833769
1.6241837,-60.834484
19.50736,-22.051981
-36.066753,45.117054
-47.325947,31.973244
19.773695,40.37238
-41.118397,37.142673
-5.4683795,-48.591045
65.24817,-16.18395
-36.115604,45.188057
-38.52152,40.61487
0.93423104,48.896267
-35.74334,42.226795
36.58614,15.649664
-24.240627,0.42239514
-45.83654,32.904995
-45.68067,33.226818
-18.277643,-3.3184152
15.098427,-64.44064
-42.4965,36.300148
-44.970608,33.54356
-35.850395,30.510372
16.66626,-64.79229
30.777508,12.627213
19.581293,25.37686
12.388756,20.601248
-36.1171,44.961708
-38.39362,41.625286
25.300222,32.758686
-37.385963,44.016087
-30.81437,37.309464
19.511496,40.655453
16.989346,-64.4296
-68.42558,-10.324456
59.10016,-15.839094
-67.22909,-2.0365143
-22.893606,2.2526145
33.06157,20.59493
-38.382965,41.902428
-38.03564,-25.966866
19.126228,40.39396
-40.559467,23.644972
-35.723667,44.053463
-28.702953,36.5298
-34.981514,45.60798
-41.21919,-25.459122
-36.710186,-22.592543
62.37307,-12.031252
-29.12698,32.106876
-28.509779,37.24225
-41.542385,36.81795
-42.883976,35.79231
-35.744717,43.069862
-45.984783,-31.387619
-48.08478,30.71747
-9.514831,-49.630642
-73.378075,-9.423122
-38.38298,41.914524
-54.38772,7.811111
-23.31262,1.6226246
19.354141,40.639034
19.200981,39.927727
0.039966337,-57.843414
-35.528378,45.3525
-8.855684,33.170025
-5.707638,-24.611618
49.66374,19.7385
-31.581747,44.337505
-2.690673,1.5309565
-44.937588,33.838505
-4.1607013,20.60913
29.557062,-33.297333
-16.739813,-6.7278867
-46.877857,-30.441782
19.512318,40.028107
-66.76511,-10.012865
-35.524887,45.232307
-42.51023,35.536385
-50.93026,18.555628
-1.5302687,-10.295326
-52.241684,18.078976
9.41938,-56.70915
58.25895,22.807438
-36.68677,44.352314
51.53547,18.77221
-34.154823,-19.517448
-42.653187,36.066776
32.231647,11.627008
-68.42558,-10.324458
-35.557796,45.156303
-68.41987,-10.362627
62.282494,7.0306907
-68.42558,-10.324457
-18.944532,-34.621124
-54.637123,12.239549
-41.907932,-30.395617
9.726017,9.741796
-45.461693,-27.048824
-23.654312,1.636219
-35.534843,45.34697
51.323498,18.828768
1.0809329,53.371696
-30.949835,29.611986
-27.905474,31.775955
45.815907,13.043818
-15.000354,-18.96329
64.59654,2.0766795
-29.295439,49.711475
-1.8919951,51.112324
5.744239,-59.21136
-50.00729,29.907059
6.1223893,-15.99649
30.066002,-38.639156
-12.552733,15.776007
-5.5165224,0.93561745
6.206941,-36.180935
-25.3715,42.93494
29.141949,6.0825973
-9.576484,12.521009
2.690828,64.93398
-52.35417,18.110222
27.727573,-34.278168
37.300705,17.952055
-7.125645,-22.87484
60.60925,-18.178417
57.23435,17.385357
0.08596012,51.48937
40.35105,10.333076
-0.44681272,-31.41311
-44.17883,-30.047825
-58.387844,2.0773003
-57.09082,4.248338
8.121698,66.037865
1.8245593,-28.259048
14.584394,13.96484
-12.2001705,-6.8305736
0.38716325,-60.81734
4.4163218,-56.949173
-57.879726,2.9370973
-4.7216253,-29.40472
-10.016216,-20.026701
22.738058,-21.327448
-43.32198,-21.274126
-6.970308,-2.9648113
-31.86869,-23.975782
-15.931075,-32.423862
-23.860216,0.9024535
-43.00854,26.686508
-30.993216,-28.06337
-40.867798,18.499466
7.5378866,-59.0213
-60.8062,14.715603
14.140258,-29.95223
-39.711575,-23.206625
-44.023567,-23.696163
1.0066466,-34.499718
-37.366486,30.061703
-10.5355,-31.029047
8.187741,-58.81098
-5.2480273,32.53017
-5.4234924,42.25395
-40.1375,26.622648
4.179087,-30.677017
66.36145,6.9369054
6.478022,-57.97619
1.8370383,4.725512
3.4067447,-62.90621
38.0753,9.700129
64.58839,3.2726064
-29.690023,36.22002
-46.164055,22.566519
-15.065819,-19.3853
65.39051,-15.987641
-46.452324,23.207485
17.855156,35.47232
-29.228184,-3.370741
-8.595129,-25.769415
36.51581,4.2327814
-36.09584,-35.17129
-3.5467103,-31.956593
-28.141163,-8.546562
-39.338333,-18.164988
3.4038033,-55.186974
4.6303787,62.169342
26.204216,-33.596687
31.44818,26.386639
1.5049214,-28.015553
4.12267,-62.23996
-54.262074,12.6006975
-6.716173,42.703114
26.06578,-33.479797
-33.746635,30.304676
0.35054266,-26.15916
6.167423,2.707911
34.055634,21.68755
-3.6307073,-32.16672
13.3743925,-62.607807
-19.143766,-25.331951
-8.581219,-21.030802
19.655554,-23.483032
0.022180697,17.115551
63.93232,-4.6300154
-67.74057,-5.005823
-1.3232058,13.320652
63.932804,-4.625601
72.26875,7.7733154
24.045782,-14.310168
24.793558,-22.531967
-1.7505182,-59.87374
33.19272,7.1788244
63.935097,-4.6188364
26.336206,-34.78619
-39.09663,39.03587
-28.446875,38.1908
-9.108288,-48.42777
-35.46579,-13.124456
-52.59418,11.281864
18.424177,-23.321451
21.482868,37.843433
2.6109605,13.888583
-40.13601,-23.533682
8.58396,13.819083
-10.24183,-2.4840858
-6.3728094,-46.200375
-1.9321545,49.36479
27.808521,-27.443974
2.745978,-55.077404
19.692656,29.504835
50.04823,18.830921
15.05477,15.693407
-9.7506485,16.141527
55.237167,-26.589502
21.524475,-21.189129
7.7923975,-11.611055
-6.4006677,18.0143
-12.496057,-8.926079
-2.218564,-4.4253187
-19.277,-28.835777
0.49152243,-59.000275
-40.862766,17.528734
-18.152525,-22.46998
2.6399136,58.546173
0.5903647,57.65767
8.379517,68.022
-34.988297,-13.063951
-6.2682557,18.717632
44.555687,16.125025
35.46281,12.419326
7.8714714,-12.9119215
-1.5679866,-4.8977427
57.45929,19.004364
66.02994,-5.5096674
13.211206,-64.06102
23.826038,-14.239833
50.594685,22.388252
-20.031729,-19.732815
4.750147,62.06679
2.183045,-34.32906
64.91166,2.6962588
-28.494902,30.806501
58.51555,-20.129953
-4.8219285,-27.683573
58.593693,-11.853731
-26.060785,-18.461937
-41.03661,37.210266
-48.403133,27.696371
-11.388052,-49.593906
-31.660149,-30.870848
-48.40692,27.674952
-39.714638,-18.158924
-64.794365,4.3758636
-32.9644,-7.303909
19.416895,-20.955267
67.744514,8.400887
-5.1965733,-48.305904
8.315949,-12.20248
-6.3015146,-54.62852
0.017474785,2.9160821
-59.544624,12.164686
62.18472,-11.429523
-47.051773,22.853447
-62.564434,1.8806771
-31.661655,-30.952467
16.37226,35.619152
14.240862,-63.96046
54.22983,-30.502563
44.15052,19.27053
14.793156,-62.534412
-55.547806,6.841831
9.229266,-10.804993
-30.002703,-31.336327
19.58194,25.298248
9.135585,13.773506
12.8632,-62.91123
-40.76935,-24.69615
8.8722725,13.303752
10.012824,0.10844998
53.250336,22.399122
26.215675,29.509665
-22.629345,-30.309578
5.6207657,-20.686802
-26.961811,41.021263
-23.29841,1.6027277
-31.323538,-31.252533
-26.30827,30.249619
-31.515732,35.044098
9.670428,-1.7581502
29.859245,4.9942803
-9.708881,1.9554144
24.943666,-12.502909
63.27564,9.104548
-65.52546,2.5051076
-37.83319,27.765207
0.09404388,53.07033
-18.489204,-17.202103
-33.980618,-25.432117
-42.24762,28.05524
-66.5503,-3.4469824
35.530663,11.182142
4.2393966,-61.588284
-19.39374,-33.101524
24.26266,-13.176839
-59.588844,12.534386
-10.108684,32.78346
56.981163,-20.871548
-14.676632,-31.32914
-22.699633,2.5454338
18.196535,-49.855118
-18.102064,-16.635027
1.5058497,-34.456333
-1.1242784,-58.808784
63.035866,-3.9980226
-52.70512,11.443525
-26.707052,43.522438
65.67061,-6.232908
-17.82924,-14.151668
-54.08668,16.63487
-37.46989,-16.005405
53.576023,20.881132
65.28771,7.275258
-15.124922,-30.616978
30.559515,19.830599
9.428724,-56.3838
-53.40369,9.231051
-30.871712,-14.300734
28.706306,28.964968
-21.811222,-27.899796
38.612747,7.153402
0.47732922,56.59317
65.688515,-4.3804374
-37.407425,30.061657
-48.271202,30.435986
-60.63566,-1.824451
-60.065174,0.86004364
1.4321705,56.65853
35.277958,10.181686
19.031,-30.484789
-7.1631474,14.562431
20.78207,-30.936504
8.516,-0.59812295
-7.4049573,-23.937143
9.078784,0.60797596
13.4159355,9.384704
-17.253817,-35.89236
10.499821,70.48087
29.304415,-25.256706
-3.6386003,-2.4251435
-37.384853,-34.585274
5.6720457,-0.4157511
43.801598,12.828831
-7.9586005,3.944761
58.714516,-16.639431
-11.221124,-7.132225
65.73205,4.766289
5.6174774,-2.1660273
56.113102,-23.291016
26.758266,-34.243435
5.678469,-0.04662351
10.626356,-12.45402
21.989796,-30.371948
13.081371,12.493667
-6.035427,14.269739
-3.459886,-8.070348
-1.4611344,49.698025
54.280903,-30.134491
34.575848,22.1512
34.096268,21.752842
39.22709,11.025039
4.1733856,-33.52772
44.847263,19.998785
1.4796786,-58.230766
45.70568,19.589483
-29.817093,46.57494
43.7789,14.646686
31.584787,-32.5133
-15.383351,-14.520613
23.12709,36.690567
-5.974165,-6.917916
56.779278,18.532946
-9.490576,-4.598907
60.68689,-16.968658
-45.36644,-26.287935
18.833853,-22.187119
-31.586596,30.979862
-8.968117,-19.492922
-58.201847,14.087137
-8.549241,3.4334211
1.8504792,-32.518375
-32.970146,-7.756952
30.144133,-23.810171
-54.04173,16.508028
-36.750885,-34.901024
3.8227377,-16.731432
-27.337753,-3.205759
25.013067,-13.043117
28.720581,28.972078
-2.8152,43.319977
-4.8542585,-32.578804
52.91236,-28.202229
-5.650081,-48.766743
-1.6615628,-59.392735
46.534153,20.374077
-23.91468,44.721355
6.7079577,20.201553
-41.316612,-25.951097
-21.893085,-21.303234
57.95551,19.02812
-61.944748,-2.299404
-7.0063667,-20.206522
2.0406775,-28.574045
-15.818014,-15.462285
-55.388275,15.704188
54.277306,-32.286205
-33.744972,-13.231766
-28.2055,-6.474144
-33.870552,-10.327343
-11.043517,16.581783
-17.377464,-26.62394
-54.724514,14.603193
29.65235,27.452898
-33.055473,-7.036563
29.139137,29.69891
-52.612957,11.294054
57.26609,-23.350595
-5.7379775,39.450424
59.515884,-16.912758
-0.14966296,12.70727
35.571007,10.870099
-32.028408,-7.0439315
65.86979,7.114093
33.1161,20.078056
66.03703,4.825409
38.83555,11.039687
64.8873,-4.8181643
66.71106,-6.4714713
25.24591,-14.082873
27.647135,-35.61433
2.5567074,57.415382
62.333427,-11.666666
55.949966,-22.035572
-65.96179,4.71316
-32.513348,30.459341
-20.578817,-32.853485
-57.621273,11.602369
-5.3466835,50.01962
19.581633,25.395336
8.531354,-0.9243674
9.487788,1.5529863
-27.049738,0.6073034
-60.703682,-2.0400207
28.93018,-32.325455
-62.643993,-2.623889
-39.71608,27.727755
-16.552776,-14.4230995
8.988157,66.49475
35.984413,12.109558
-67.872475,-5.2881956
43.46675,14.902274
-0.60876703,-58.7722
26.942701,-32.481262
56.346825,-24.666512
-41.117172,37.153507
-6.9325137,3.8342423
16.951645,18.323439
-3.6771467,38.847122
-57.863194,3.3886425
30.426622,-38.510662
18.794668,34.533096
17.39003,-31.923716
-8.5570965,33.54099
63.897892,19.335999
0.51569563,49.884785
66.29584,-14.832043
-4.320905,20.937876
54.265747,-27.61769
-15.093683,-19.614508
-15.16348,-19.531336
55.582245,22.850576
19.581224,25.371435
-56.004948,5.487703
25.872099,29.116869
71.48952,10.152441
19.599564,-30.17442
11.181773,6.105995
8.710836,-1.5618573
65.59151,16.196632
-18.4786,-34.296734
13.838433,-61.308147
6.135445,66.50738
-39.68198,-23.167702
4.525243,22.65306
-2.2756355,49.61767
65.08594,-11.115017
55.222164,-27.374313
-40.169907,26.314539
71.96084,8.330302
70.010574,-3.4423969
5.099485,22.48012
-20.463411,-11.717958
49.725468,18.603569
-0.008007849,52.888557
20.792526,-30.37421
-6.7986493,15.311398
-20.415277,-8.919586
54.19664,-29.172703
66.449684,6.773543
-5.9748845,-31.665894
46.52335,20.363184
67.642624,-2.3952072
-6.734521,14.660193
-25.593273,-2.3044853
66.168465,-4.6960864
64.33153,18.592716
8.154578,-0.9811785
21.89975,-30.775314
68.447945,15.894337
6.3398395,-4.9010077
-9.725675,1.4492577
6.5144033,-4.9683313
-3.9694233,-26.573275
6.5502234,-16.442709
32.7688,13.299805
7.2026443,-14.215139
4.4472237,22.722397
-20.09557,3.9190648
27.3731,-29.84702
68.86979,3.3288894
63.290005,8.985059
9.616409,1.8975554
-3.5721097,1.6111387
-32.801586,45.18642
20.653357,-24.350592
71.26611,8.350106
-4.8360343,40.032547
5.7044187,21.399311
-30.660517,-25.421732
1.9824511,58.64267
45.978977,22.809357
-4.9281154,-27.426418
13.355433,11.904868
71.88373,-1.394975
7.575695,20.617655
12.878098,11.746224
-1.8633772,-5.2777863
12.513661,5.7622995
8.9844265,67.9431
57.64939,-22.860224
37.410786,18.326876
12.336126,9.756504
-3.3517,43.938354
14.705998,14.937787
14.066955,20.021887
3.2514665,65.0759
54.295532,-32.410675
39.02019,12.828115
10.383105,20.124533
8.562089,-0.57417125
64.09984,19.05579
11.5008135,10.033894
5.5848894,-2.337768
-5.628996,0.9214039
23.921886,-33.725418
12.074065,11.487922
7.9858236,-3.0154793
11.969291,11.557483
11.403055,7.045871
-19.954142,3.9310734
11.554537,5.9444656
-29.082453,0.5185868
-8.254659,14.061064
11.539318,-11.889385
-9.016443,34.624435
19.842329,25.084148
59.516224,-16.944595
8.96969,0.29474676
11.792661,9.950068
-5.4355545,12.012548
4.958812,-16.732265
14.63938,14.860376
-16.774307,-16.442924
-19.204016,-4.5336504
11.025429,7.5978913
12.178999,6.0895653
12.248825,5.5037923
11.467712,5.1588993
39.407974,6.7005925
53.81716,-29.766846
5.202051,22.04366
7.250665,-2.754867
-12.215529,-45.66874
24.723078,-12.328454
-9.528243,13.392581
15.461941,20.29984
12.064654,9.557155
6.7058997,-3.3708448
-23.001434,-9.773587
46.726395,20.515242
64.521545,18.408653
48.139004,23.475513
63.659855,2.6102998
3.1050107,-62.710068
4.7791023,21.917484
10.114932,3.0820136
-22.90312,44.78661
-28.907276,50.565918
7.2647347,-3.0564072
5.183493,21.64519
13.097628,8.657499
56.480824,-28.852762
7.472516,20.732508
55.976246,-23.160622
21.589407,-31.983198
13.27397,8.331339
8.274045,-1.5620582
64.47783,18.446249
58.429253,-11.936307
-17.220865,1.8215413
-6.413663,14.341937
-8.301969,-0.5726469
13.573581,11.952064
59.626534,-8.837089
12.242393,10.938314
11.708665,10.242574
-17.253319,-6.953439
7.1185913,-3.2311783
11.704231,10.259222
12.88747,6.7247844
-7.062018,-18.046043
7.5635614,-3.5738912
-1.7141974,12.982817
66.42402,15.745297
12.703095,4.1658015
11.820924,10.006232
11.970836,9.648111
57.765568,-21.159557
10.845863,15.192348
11.731293,11.280667
61.603382,22.930677
20.088821,35.85007
10.239897,20.173937
2.6284757,11.952321
13.005111,11.942051
13.375104,19.655302
-19.70026,-26.531057
6.5794597,-3.8446953
13.092737,8.450132
1.8341153,4.7712564
4.4091935,22.7339
-19.041628,-4.638377
15.0685,19.963985
64.30252,18.621473
62.490692,-11.53228
68.48986,15.905994
57.88546,18.671503
39.02482,12.729356
-9.152127,13.202528
4.5175657,22.635612
14.031592,-32.403046
5.690436,-0.13888398
68.14662,-6.229439
-19.081125,-16.161695
71.96518,8.301021
-6.6986833,40.844414
14.683737,14.886271
-10.617454,15.156865
10.565442,20.05079
49.748085,19.086685
13.291154,-28.43664
-19.871202,0.04911712
11.874158,11.494903
-10.332198,13.78325
4.2415485,-19.286509
44.28213,19.524313
67.8928,-1.3914661
61.222122,-15.519778
18.752548,-24.30093
66.183754,-14.964348
13.149406,7.889768
32.423412,9.986555
-42.979294,-21.717346
8.833216,3.4208748
-11.451961,-7.8858547
-43.724823,-30.252876
28.580786,-22.891613
24.908224,-22.571375
71.88471,-1.3927274
-6.94148,-31.774376
3.949207,-32.56764
30.588823,-38.911663
20.205688,-46.253532
46.04917,13.459197
26.270527,-23.4559
36.090782,17.091223
64.97797,2.782322
6.4267526,20.736813
66.371185,17.486042
49.611046,19.14727
57.510624,-21.505161
64.5212,18.418419
-14.880649,-1.1139512
13.808562,2.4360087
-9.710421,1.4497879
7.6724596,-3.736333
68.446945,3.503718
-19.940958,3.9334157
-16.212887,-16.548492
62.24868,-12.275836
-2.770276,46.557446
-19.445515,-29.552334
-3.7585306,42.950016
67.556786,-4.278076
-23.539366,1.1228688
67.11501,9.644798
-21.190395,-5.310987
-37.642147,24.912947
7.24041,-37.218094
-9.556153,-51.896797
-6.240408,-23.10094
-8.0839815,-32.427914
-16.64334,-33.713406
-42.977352,-21.711308
7.2469697,-37.220093
-34.78491,-19.881132
16.67474,-31.599277
2.4458506,-34.71264
4.5786486,-61.625603
17.804035,-19.961893
5.5401006,61.46431
4.5565724,4.8959684
-4.1110287,1.5432293
-6.4929185,40.358162
-22.596682,2.874072
-10.095558,35.27227
5.716027,21.798973
3.1479452,13.651589
5.6416698,-0.1018836
44.628292,10.409041
0.30327988,-9.091524
-10.460544,0.03148617
12.097892,9.544471
0.9947036,57.509808
66.295044,6.3014946
-32.773098,-8.643505
62.56977,-11.325915
-19.400417,-19.136623
4.628047,54.394016
6.029685,21.438187
66.84913,3.9823022
57.7118,-21.435406
26.089046,-15.178093
-28.294016,-0.3049995
71.093735,9.049367
2.2104788,12.001423
-6.6323504,37.785427
68.51735,7.835004
57.620037,-23.353798
-0.28635043,12.71685
58.597866,-11.842913
64.86261,-8.887575
-28.239153,-0.26165715
13.081918,11.915801
13.317831,8.615328
12.666903,8.879226
12.582783,9.148383
9.081209,0.5990094
12.646305,11.194098
19.668344,33.80752
0.16850834,52.927048
-18.407358,0.87871176
19.677065,32.411755
15.321011,-63.157364
8.934749,0.36087048
17.009401,15.491126
44.631386,10.399796
59.53499,-15.297454
12.824299,10.759189
66.42842,15.627017
19.333765,37.892017
8.371703,-17.056755
57.702507,19.582235
-4.358705,19.701872
13.64503,12.799313
-0.68891346,49.417618
-10.154059,0.22968426
-4.84647,48.88844
64.41729,-9.448117
10.924477,19.983435
1.9371836,11.359469
11.044928,19.870872
64.6419,19.75759
25.352015,-27.08388
-16.25049,-6.5431213
64.410736,-9.428494
64.892044,-4.66739
-25.821377,4.3421383
2.463415,57.812397
-8.251271,1.540301
58.917805,-19.170168
19.764309,-28.855007
-1.024245,-4.5514574
39.914402,18.86557
-0.3795402,49.521336
70.708046,-2.9209225
13.267092,8.287768
67.21599,4.1271276
-9.80188,2.1115363
57.618114,-23.35782
22.262856,-21.378508
12.256703,11.024718
67.916016,-6.321287
60.297787,-18.353357
66.15224,8.078002
-6.6965914,43.605484
-1.9070493,48.523476
55.555653,-25.191048
59.509384,-16.867289
12.392566,10.648867
2.2793267,7.118706
53.16449,21.603632
-2.4472346,-32.08664
20.634937,-30.140408
11.849662,6.1032906
54.435947,-29.167316
19.534733,29.787401
5.7166634,-0.03543786
66.503586,15.68506
53.32826,24.007677
57.001022,-27.911077
63.158833,-11.425755
14.769493,-31.646856
59.38922,23.643196
6.709987,64.4923
66.45595,15.652874
-5.3460197,13.884299
5.901301,-25.728662
-3.4826696,43.745155
-19.624928,1.4193258
68.167114,-4.1307535
-1.1873612,49.868515
66.54182,8.0903015
4.6287704,54.393375
1.7660265,57.421005
-27.95593,-0.05235505
26.053823,-31.158094
11.517135,6.4304113
3.124703,6.6446958
-39.056633,39.083126
44.71225,19.004608
29.101103,6.2117558
4.3234344,62.518856
-38.026947,22.950453
27.306679,-25.978062
4.6282096,54.393967
17.950129,-23.531078
-28.480679,48.246437
19.384193,36.28553
-33.356647,30.196758
1.5771551,-33.69151
-8.885786,14.896156
-7.855765,-23.385294
63.471775,18.22347
16.897987,-34.487854
-6.64947,-4.0391297
-28.111406,45.423515
-10.097973,33.573902
-10.201233,-0.008957681
5.4525084,-36.11776
32.25533,6.4323816
19.22666,33.38009
45.615517,23.355227
3.2085252,-32.613407
-4.4265704,-36.94342
19.01773,-21.000364
-20.901127,1.6672214
44.690926,19.023476
-3.8910565,-7.542705
42.964596,17.867788
34.602043,11.795757
-7.0339932,-26.575806
8.374409,-0.8611533
-4.5616236,13.601386
19.703167,-22.298029
-23.295156,1.5729557
-12.151085,-6.4629927
6.6659284,-24.201578
47.761826,17.671806
31.969992,20.454739
64.562775,16.103708
59.452538,23.619843
54.545395,-26.711956
15.161102,7.8906136
3.290546,6.620501
66.6874,15.31763
44.69788,18.968018
38.974464,7.5555997
-2.5569923,45.378143
23.872908,-31.094786
6.720727,-20.903946
51.208282,21.799171
-32.4646,-7.833793
37.514725,17.179407
59.985092,23.67122
0.73264194,-17.691002
-20.850262,-10.875349
66.2052,-1.3581884
56.086487,21.900187
-32.98381,-23.498085
32.985806,-34.427555
-12.877926,16.18998
6.7605195,-20.613436
65.37292,3.2081242
0.39734265,14.253006
-3.5496688,-8.123411
-16.22604,-7.560842
-8.83668,35.543724
25.822659,-35.121727
38.026436,18.27434
32.29828,-34.078938
-20.125916,-29.855608
62.477303,-11.56312
-16.900919,-19.951403
66.29465,6.2843304
46.998783,15.679445
27.513819,-26.327717
-6.369007,52.460068
-9.047807,15.428412
-6.9181733,14.193793
-19.277483,-13.900834
-4.8834486,13.677651
-6.368627,52.46026
-11.464099,-5.329642
64.618324,16.145025
65.844,4.793111
25.787704,-32.659916
64.72506,16.148214
0.33787075,-5.557212
63.123108,-7.0494814
3.2162273,-15.716628
19.272985,32.257797
72.04345,8.385496
-27.085667,4.5059805
61.39998,-11.239734
27.16558,-31.919586
63.83439,-4.3999405
-28.146261,46.95475
38.789497,10.977697
-33.074306,30.098248
62.945217,1.2836074
64.26786,16.04809
-11.528946,0.33463144
-26.351704,-5.587891
8.317692,-12.044586
-34.7487,-27.56453
-32.583855,-26.365849
-7.1671276,-3.000971
61.955574,-15.932666
-21.160917,-5.13155
2.9605284,-56.791256
38.79866,10.970876
-39.32731,-22.818295
-1.5630667,-5.5909786
-7.708082,38.9258
66.22061,-7.809248
-67.40826,-2.002745
-5.54197,-1.3732705
59.5056,-16.838966
27.210655,-32.991196
46.14508,16.147758
6.607711,-10.956275
54.18161,-30.823404
20.075132,-22.055603
-28.633896,47.659065
8.069577,1.3519944
40.58353,9.924274
32.151176,-34.3758
10.913926,15.274031
-23.071747,-30.03923
37.490494,17.264324
13.010931,-28.522818
-0.85579896,-4.9653664
47.373028,22.933372
-2.8177834,12.475833
56.7163,-22.28706
-32.154804,35.466675
3.7669735,-56.598175
1.7261202,-33.980976
-28.350336,-7.19924
-23.274223,3.1471229
10.699201,5.5090184
36.146458,19.428968
-41.82643,36.6691
-48.319504,23.801783
-31.925308,35.78189
-45.39088,-27.645111
-5.4218416,12.3035965
-39.72031,-17.673006
6.824772,63.521423
17.159006,37.997894
-29.127695,29.65341
3.643857,60.854626
4.1082067,-61.940025
61.427155,-11.223605
-26.892548,42.641163
52.311943,23.43582
13.235519,18.50181
-9.426261,18.738247
-66.829575,-0.738362
-44.458015,-24.695473
5.881206,2.3901072
6.500377,63.842213
9.709617,66.0155
37.43008,8.977199
24.179098,-14.336322
-7.665151,34.21673
-0.31197554,17.306028
7.2475667,64.287964
10.451325,21.063736
-20.827621,3.9392173
36.531487,7.4724765
7.636791,64.68847
-33.092186,41.696873
-46.174603,34.00392
3.7105346,-16.642597
68.087776,7.4033737
-34.306343,-11.826083
-27.814945,39.814903
55.225513,-27.567448
55.804054,-24.048508
16.854013,14.322039
35.78477,11.291944
-23.740294,2.9646862
14.813941,-27.600407
-5.4958196,19.80137
7.16889,-23.439869
16.600569,15.577781
25.94769,29.13684
14.391508,-64.94739
-7.0010695,-17.82788
45.38951,15.550694
66.20922,-14.963253
1.1332805,49.14817
-28.585108,42.184505
-32.521736,31.57916
63.88131,19.49016
32.571815,9.208934
8.597484,2.5074856
19.478455,30.437424
55.28232,-26.56846
-24.364056,45.258366
-44.513607,21.681837
11.773309,14.340393
31.466982,-34.806744
-44.057915,24.957695
68.505035,-1.5164641
22.959606,28.529514
3.7141707,16.282984
-34.75928,-34.795406
33.969883,18.516636
-1.3387251,12.765125
-66.64482,-0.91083837
-74.240845,-8.391843
-36.15981,28.779945
-44.550224,21.81784
10.68629,-13.154615
-15.343544,-15.33016
45.43206,15.911635
-9.657878,18.704073
-2.590102,-36.952824
45.281075,15.548727
68.5521,7.7993574
52.443947,22.675085
-39.990536,26.008018
53.389587,23.295305
64.00956,-3.6943264
17.356588,35.95367
43.208763,15.3495865
26.79793,-23.508825
-49.433144,24.180819
7.539256,-5.459325
63.288624,-4.6806784
-31.307575,30.506464
22.915953,28.49547
-20.250525,-30.816704
-10.230519,34.919697
0.027400535,-58.55257
-42.238205,28.069847
66.640434,6.662953
1.1662118,-29.019989
-14.805034,-8.2944355
-5.3302035,-48.475685
-67.00399,1.0320971
-10.192936,-3.5447552
-36.31958,41.19896
-0.89472765,1.9192404
62.637093,0.10736174
-36.295494,40.98027
4.088396,-19.090042
-26.672352,42.307323
23.326279,-22.336554
4.0986934,60.913166
54.25021,-29.717783
6.401793,-55.83231
17.181334,-64.47715
1.136558,-54.581635
-58.938534,3.4503899
-64.46869,5.9287744
-67.34417,-1.2679491
39.376724,6.397176
-33.488583,-7.8042965
-55.034515,6.767556
1.1791439,-54.57507
-5.05768,53.054913
41.425728,7.9722314
-13.827033,-9.249651
-0.19498867,-31.474752
-47.457253,22.225565
-12.024271,-31.495117
61.164528,24.808361
-67.5195,-3.7049863
-38.95001,39.27633
30.14163,-33.575523
-40.854332,29.069458
33.55669,19.002243
-0.4412118,-58.49045
-31.489614,-29.063227
57.70956,20.832987
35.503872,11.965023
38.711704,6.3933754
-5.480124,39.698975
-18.253117,-5.455981
-21.150057,-28.67617
-18.57751,-5.2096186
3.6920762,-3.6768246
45.39923,18.723766
5.114526,61.900906
19.516836,-50.57367
-4.6822643,30.984406
20.66104,28.849058
44.254513,12.891868
2.6296275,-15.86246
64.78029,4.172502
6.354561,-4.4846416
-27.767712,40.702896
4.4025197,-61.893456
-41.472977,17.30849
26.471998,-33.989826
-31.910982,31.160545
19.518335,-50.573193
-53.03233,17.025253
-34.949215,-32.651096
41.40928,20.039633
44.036224,19.866184
-31.45215,-27.442822
-17.461487,-16.490091
-35.807426,-28.933214
66.42404,6.7817307
-53.95123,16.970592
-32.042862,-23.47122
19.416843,38.42696
-57.538246,13.916474
-22.421068,-28.319023
-9.378048,-52.07158
49.66632,21.304646
9.163002,65.73436
19.728247,-23.330997
60.751057,24.18519
25.980974,-23.399097
18.004747,-20.164515
-9.157182,14.542254
58.851227,-16.034382
-59.86305,12.855592
31.97175,10.362642
-39.325714,-22.77433
-31.573612,-25.701149
-0.31366375,-16.947517
57.040867,-11.176912
-44.35312,-30.516895
63.598156,-11.046648
53.38985,22.37872
12.130043,16.663218
-34.29087,-29.614983
57.093933,-21.087294
-35.491898,-29.411278
-28.442465,46.028187
20.330873,-21.407576
16.872261,-51.515816
-6.527811,-55.84015
-14.321242,-30.090664
-50.945194,18.77311
-37.40701,25.2762
3.2903194,6.6171045
-19.050667,-19.465551
-38.877666,-26.9563
55.906178,24.547407
59.19452,22.502026
27.352316,-27.11218
6.711382,-24.47277
-73.63505,-9.525932
3.9535575,7.0749426
37.50733,18.964922
-1.44083,-6.693556
16.845564,-51.49879
-67.54802,-3.1278129
-31.770578,-25.945538
-30.052109,-31.067543
-27.470348,32.693237
-9.82715,-32.626747
-4.520028,-32.629932
-10.108487,-32.67749
17.626211,-22.497602
-56.59106,5.062072
17.549673,34.641293
-35.568134,29.275051
-41.923534,-33.644684
35.592415,7.2677846
61.85543,-14.122022
-10.87777,-32.081585
-13.991312,-5.4687676
-43.6774,-31.142221
-7.4134717,36.095856
-41.304504,-25.953648
-8.036758,-19.452448
6.664188,-3.4457953
-27.996878,44.1158
14.57731,-29.521862
-21.233683,-28.325811
-38.162216,-16.9791
31.268625,20.606318
-44.025455,-23.698086
-48.44989,27.712215
-56.674934,4.707794
29.180347,29.531225
29.82086,-38.055553
-18.935955,-32.380623
13.670014,1.8198105
4.5499296,7.5610275
40.068848,10.380804
-42.00483,36.221558
0.57314086,17.029778
-21.379343,4.006466
38.749207,9.331679
-9.844608,-50.98028
18.694893,36.175934
17.681055,-53.3725
19.322397,38.207653
-59.448986,10.829449
-41.4298,-30.644346
-65.4324,9.281514
18.178446,-49.299152
-61.073166,12.376645
-29.891912,-31.090527
-36.715206,-29.604752
-38.899055,-26.258833
-20.201715,-30.01696
14.901772,-65.62586
-73.35508,-9.374253
-68.09202,-8.323536
-19.958763,-35.92549
-45.359562,-32.152496
-68.7307,-11.342564
50.53972,22.337717
1.7226521,56.760975
-74.15902,-8.738532
31.312534,-30.738808
29.778679,-23.228933
-27.990076,31.827814
8.011116,-3.361428
21.223957,-21.37647
66.09207,17.201262
-67.4178,-3.95985
-43.81932,25.313957
-65.33512,9.4772005
17.11293,-53.72999
4.3771024,6.199428
-28.34405,-6.4753284
17.128706,-52.64864
35.665154,6.729366
4.269677,-18.541328
-33.10028,41.202328
-8.732852,-32.189453
60.627098,-16.897528
33.10638,20.093065
-0.46371308,-9.567242
-29.424778,-30.821976
-62.260464,-1.0980214
30.248163,-37.418873
32.278053,8.194347
67.49024,-4.4789033
17.107296,-55.593307
-64.57082,5.586218
19.232904,36.967182
-47.676228,23.009626
-19.08769,-19.807854
-6.1655912,-24.763311
-39.978333,-17.708786
-28.687466,-4.819327
-62.74923,-3.439941
-28.445229,-6.5040035
65.444405,-8.804901
-14.151215,-5.646159
-5.930767,-53.868446
63.713947,-7.5557985
68.830795,-3.910869
-35.57081,29.3111
30.347767,5.0615287
29.859417,2.5056658
-29.03523,47.961975
3.2637348,4.7720647
4.4360495,-36.11952
-31.769226,29.497961
57.433308,-22.813467
-20.277927,-12.316644
-45.425594,-28.16069
-29.672403,29.282951
-27.954643,-0.05780951
-10.757924,-31.885014
-9.340743,-19.028145
-9.200391,-32.245003
-65.31534,9.524155
-39.171932,38.817978
20.896467,37.616325
-4.9116015,-26.284128
-28.590382,46.878937
-34.953484,-13.37356
-67.66133,-3.1082163
-40.776897,-24.753748
30.189425,-38.32912
65.27655,-1.8666109
66.50468,15.586083
16.620789,15.145331
2.370979,11.898867
16.3802,19.618635
71.59901,-2.0164406
60.174614,-15.945928
-24.29565,43.184883
2.6142378,-17.119902
1.9985378,56.79092
-4.5829277,-28.229694
-37.565193,40.42673
-31.078564,-27.73269
-38.915234,29.925083
-42.840115,25.741617
-3.9974296,13.534541
-66.38171,3.6372404
-31.184189,37.147297
15.65044,-24.901146
-7.7914863,14.951821
-40.78195,-24.71531
-33.53773,-8.314722
29.121172,-34.0575
29.716915,-34.824036
27.120575,-26.32605
30.454145,-34.359882
29.8328,-35.908657
-39.12125,-26.181038
-36.2214,-34.925976
68.06703,-6.3183503
29.844122,4.7720947
36.10576,7.6656685
1.9346862,-18.547802
-21.916592,-28.837168
-59.752743,12.722893
-29.00562,29.852562
-29.978441,36.90903
-27.367258,31.565409
55.50869,-30.320251
9.171716,66.73198
-36.075386,-34.739822
19.08719,-20.416454
-29.856133,36.81834
9.956757,-34.43215
55.22141,-26.56725
25.496237,-21.121065
-62.168594,4.118344
26.771404,-25.124502
1.3134661,-33.815792
-5.756152,-32.872784
-41.370174,-25.707422
15.757512,-64.87564
-21.521505,-34.0419
60.082344,-10.660523
49.15862,19.825459
17.533651,-21.771927
2.1655507,-18.61093
4.513252,-56.771706
0.91231376,-34.60964
-44.54136,21.758043
0.029753283,-17.099302
5.3776817,-22.741253
-5.454701,-24.40444
-9.515481,1.8311902
-53.91999,17.476046
66.55987,17.789639
-13.665495,-31.220263
-38.455116,-26.242168
-4.2845464,-53.853622
51.901814,22.471907
18.13569,-49.372936
-0.43214008,-26.336597
-13.275674,-3.5135283
30.955498,4.805013
53.854874,20.549517
-21.128326,-21.586592
-16.485664,-16.02992
-45.93261,23.858469
-10.075056,-6.8118005
28.105148,-33.14735
-35.83179,-34.728725
-60.280403,12.070865
15.582964,-25.033266
6.002136,-27.106266
31.097593,5.8122716
15.824249,-31.73482
43.03517,17.092768
-32.834072,-30.139948
-59.17771,13.670015
15.724577,-24.709787
-37.782455,27.115105
-47.110695,32.204712
5.9051423,-52.624554
9.466877,18.4297
-66.5851,-3.7785935
39.67115,6.634991
37.061474,10.014098
-62.485836,1.9427959
-68.49753,-13.603468
-67.08209,-13.412847
-55.605865,16.047848
-20.733953,-28.040154
15.628027,19.450827
-67.73294,0.21136908
-47.044212,32.24241
64.59089,3.7510684
-43.236927,-28.629663
-45.306946,-27.652336
19.174082,-32.097076
37.680893,5.49964
-30.512756,36.486465
-37.73932,-22.84959
-44.83539,-26.363298
-57.378365,19.20005
-2.5117333,-32.750504
-41.227707,26.775858
4.9985166,-23.180128
-9.458373,1.3288045
42.170315,16.167824
49.909588,22.302761
-6.5353856,-29.862036
3.038471,5.929444
-23.615625,1.1727706
63.463455,8.149916
-19.763336,-35.33139
-59.563057,13.593587
51.32944,22.474556
-33.24188,32.574436
-31.285099,30.823456
54.242847,-29.718184
29.996717,4.71474
-39.020252,25.34776
13.169382,-63.939133
4.442966,-61.445602
-36.3226,-28.39458
-18.054525,-35.86868
-45.591953,-29.475754
17.103163,-54.202873
-35.358593,-12.996081
17.105024,-55.153114
-54.29318,17.051563
-46.490185,21.811085
66.06841,-4.82243
-19.837526,-35.003296
-68.32647,-13.629469
8.244349,-62.577904
-36.435417,-28.300325
3.429221,-61.574223
64.931946,-4.719174
29.279865,-36.363403
-37.416977,41.318157
12.020769,-63.87712
-67.927635,-13.61888
-17.73168,-32.846634
-67.1818,-13.437662
-16.883024,-31.816883
-68.14627,-13.665474
-16.733849,-33.762512
29.119709,-36.11625
-16.775948,-6.681923
-58.179626,17.917862
-45.731476,30.735424
-6.031322,-32.219563
10.389183,18.145197
-53.056755,18.935268
-56.933968,4.374104
-5.52375,-29.671915
-33.48696,-7.8044276
-45.86002,30.981949
12.569474,-32.03777
17.5837,-50.549038
11.091658,-33.617348
-29.317312,28.21663
19.244974,-29.728233
39.85646,4.487666
-42.150135,36.845215
-61.131077,-2.4477284
-65.53813,4.198771
-28.490292,-7.0482883
8.390897,21.457293
-6.1799626,-1.4632943
3.0893774,58.4532
-9.5830145,1.9462575
16.83624,-34.100163
-60.68248,13.936158
16.838514,-34.000656
43.33069,15.046016
-53.687077,17.07191
21.309881,-29.7365
5.9475007,-60.31925
-65.14353,-2.174232
-50.693676,17.775852
-60.6468,13.772919
9.504807,-27.685587
28.210604,-23.06456
-61.92809,-3.1022215
-6.144554,-54.74471
-46.48689,33.117752
-10.230174,-32.88579
-0.15174884,51.592834
-2.9943562,44.511787
22.490725,-17.234951
-19.323736,-34.90782
31.822397,8.54479
-49.934544,18.38803
-56.00989,6.723616
-40.938404,-19.202154
-44.261066,25.213999
32.19739,6.8528466
-26.953753,42.041462
-40.204052,-27.329124
30.493135,28.236942
8.045641,-4.450831
-14.008899,-5.4788976
-49.14141,21.613146
-59.15542,12.723221
30.709803,-38.86126
8.852784,66.40659
-38.169167,23.779903
-45.06045,-26.18674
-38.760555,-33.57818
17.078497,-55.110985
-35.815746,-30.873068
-19.76015,-35.16594
39.120575,12.029081
8.357736,-62.22482
18.761408,-20.31222
-53.904446,12.670302
-16.736994,-6.7369227
-0.5775414,49.851593
10.804266,-57.020706
16.693167,-52.862713
25.483679,32.155994
-45.04767,32.245457
-34.657585,-19.8438
1.6166823,-62.03651
-25.371372,42.90197
67.215294,-6.4316034
-32.782616,32.045135
-12.006224,-45.869946
-27.684122,32.34231
-5.149213,49.28467
3.65854,-16.90397
-4.597922,39.25947
-60.353733,11.999036
1.8674083,43.935314
29.989893,26.720806
-5.8144617,21.532812
-11.804354,-4.583222
-37.498257,40.76218
-23.664446,40.8779
-33.24645,-26.774769
5.7594957,-59.725758
-9.336814,-48.15934
57.975468,19.724754
53.473454,22.354706
-35.562046,-29.170118
13.822804,-61.572872
61.973522,0.85609776
16.870068,-52.75332
7.5459547,-1.2276183
6.3321486,-58.089367
-38.76056,-33.578182
-39.11336,-33.514206
-26.503498,43.68295
16.649233,-35.559944
10.203558,-56.520576
-10.684188,12.829092
-54.041744,8.258603
-26.317255,-2.5389698
19.114418,37.048195
57.807964,16.465689
-6.749666,-54.52962
14.839413,-51.466522
-58.31294,3.4695127
-60.98053,12.029825
-67.727646,-13.587205
6.040581,-20.589123
28.870487,-22.776283
11.530502,-33.43626
8.460059,-61.91575
-28.6301,35.865234
33.689346,6.432768
21.718185,-38.265083
-28.438889,-6.6922073
19.030807,40.68986
-68.33047,-13.631673
30.203909,4.007474
4.270255,-3.528921
-1.7541544,-61.695248
-10.908038,-24.11066
72.8169,8.775267
19.93334,35.45086
20.429943,-21.465738
-58.270325,3.8359213
-14.170388,-29.989891
-52.889587,17.50291
-39.12443,26.786293
19.303444,38.667637
3.431279,6.183573
-4.2423882,38.530766
39.129276,11.57772
-61.215046,-2.5566409
68.795975,3.7752361
30.643333,12.620622
-67.929146,-13.614683
-15.100928,-30.498177
4.45059,60.496075
-11.770503,-46.060352
1.6667984,-34.15188
1.4939504,46.77283
14.83114,15.661856
-34.15953,-19.543238
-67.236595,-3.0496995
-22.593105,-30.724474
-44.68772,-30.572004
-36.350662,-14.733989
1.3743806,-61.597298
30.585075,-35.204254
-49.19419,24.370567
-38.28112,24.736279
-42.43961,28.15299
-28.261898,-0.3017174
-29.055696,49.939774
28.669556,-24.993937
-31.477081,30.740183
37.477158,8.604524
44.956223,15.79838
14.2380495,-64.61897
-27.79438,45.267746
17.535301,-51.411842
-68.05684,0.34874126
57.779697,18.69693
-32.83689,43.307056
-8.748462,-32.295643
-16.502783,-31.011396
23.372316,39.402546
-11.106694,-31.375135
20.943724,-31.572441
-3.9316435,-36.01467
-28.094858,31.820473
-11.916357,-31.82925
-44.652016,19.477478
-42.405224,17.502579
-43.1358,26.562248
-54.260124,12.572254
-65.80666,2.23357
-41.862503,-26.57791
64.72821,-16.80691
50.33536,22.183321
-44.646366,22.317802
38.363873,6.086307
17.130955,-56.211742
-42.92981,-32.901737
-66.77405,-2.614929
-55.426155,17.98794
-28.367146,-0.35247263
-4.273437,42.066887
-58.959057,12.317853
-53.615906,16.591917
-29.221113,36.856735
41.39505,7.979781
29.051998,-32.928135
-18.565926,-5.450813
-14.231539,-30.589352
-15.025174,-14.199197
-72.874886,-8.79323
-58.392483,17.698242
27.98635,-31.492126
-38.45052,-26.279116
68.445045,7.8676395
-6.2251544,41.246277
1.673681,-28.222416
-20.52808,-26.032742
34.728065,9.937066
-37.131973,27.84676
-72.23228,-8.882439
-23.283302,-30.382387
-7.683286,-7.7392774
-55.44011,17.02136
-25.568552,41.582348
-40.62924,-18.718618
-42.880016,20.813648
-35.479725,40.7798
-27.687054,43.91569
-60.325768,11.850996
47.17971,21.420288
-38.04113,23.229813
32.093456,11.879935
29.756418,26.677095
-74.164215,-8.729978
-61.645157,-2.8094068
5.481241,-57.905308
15.861442,-64.18248
-65.18225,4.1647596
-73.13234,-9.605522
9.218737,-62.70576
-33.176796,32.529366
-46.831825,23.16986
-32.903835,-21.459764
-67.66825,-1.2542022
-20.687857,3.9388185
2.064142,-34.40837
6.041579,-36.605846
-52.263184,19.383997
62.10831,-7.3642507
-3.831593,40.220497
30.510979,25.238102
-0.05296611,-16.90546
-64.063705,4.9131804
43.24159,12.57716
-8.401416,33.098618
-67.01214,-5.1759863
-0.47970653,-17.27079
-34.96975,-12.963185
22.317062,-21.193193
-66.52565,2.4767635
-38.414738,-16.571953
56.992313,-23.120113
22.070147,-37.928493
-36.11819,45.05296
57.233376,-23.360361
38.827698,7.786312
-38.209427,22.67804
-73.13181,-9.601758
-0.3699669,-16.693815
-42.64665,20.93901
27.439074,-33.39716
-67.434525,0.13284557
20.789423,36.013515
-61.646225,-2.8100204
19.122818,-20.27348
-35.527557,45.375214
-6.4152203,-23.502178
-67.73191,-1.2957568
-5.7521276,-23.79722
-34.702362,-32.617977
-56.498554,5.1942463
-33.876514,-10.422485
-28.261982,-0.3015636
32.069534,10.074582
-19.7703,-30.669863
-59.52703,4.4564466
-28.309414,36.520176
-3.8660476,-33.068123
-29.552654,35.445595
61.37711,-19.07915
-50.03631,29.630022
-71.1538,-9.9497385
-26.669191,41.878872
-64.70842,4.8008795
66.98002,-2.4883032
-67.23997,0.83400387
-22.53017,0.15503567
-56.646873,13.167439
1.230012,-17.564726
-16.208752,-2.347544
37.518803,8.1692295
22.70142,-34.486046
8.430217,-59.132004
4.38911,-36.060055
57.395134,18.902557
25.41339,28.704393
-2.4008646,-57.271183
18.413374,-22.251118
54.38164,-32.788486
58.03492,-21.477177
-27.249676,31.546999
30.833666,-23.086267
22.762539,-21.670568
67.39622,6.953974
55.63618,-27.102242
29.942316,-33.714737
3.8929753,65.36322
-49.13852,24.106493
-39.046227,29.669804
-29.558678,-30.643776
55.187794,-27.430742
-4.941846,21.090836
7.4664745,2.621634
-59.765594,12.708454
7.384768,19.503752
31.443386,-35.8111
-23.330683,43.627495
-66.28337,1.8260276
4.2122993,59.048977
62.868275,0.9276382
-7.247251,19.332922
22.93717,-22.892763
-29.750904,43.974728
-48.175785,30.798004
8.074163,-0.04537077
-4.942353,20.780754
31.265476,20.579168
-16.32571,-31.097626
57.684254,19.516258
6.9532566,20.35328
-53.167202,17.699942
29.262642,5.9871197
-21.28369,4.1775465
-63.601673,6.8329134
60.96232,21.059914
29.036406,-38.296455
-7.7387934,35.426327
54.742153,-28.04239
2.7472343,-32.28395
-14.084882,-3.9597495
-19.615833,-33.819717
69.325775,-3.618296
-17.39353,-33.29536
-20.524885,-10.161213
62.226093,-12.360813
39.211857,11.963684
-21.967236,-4.396115
-20.880033,-32.86818
6.207537,-37.232605
-0.19523281,49.998425
-36.35466,-14.743853
14.777318,17.647161
-17.13341,-22.750751
-6.546529,39.028576
22.681948,-17.188818
-45.083134,-26.206736
18.087719,-20.154558
-10.967025,-6.0127974
56.27941,22.887552
0.07385231,-34.68398
-7.321715,33.401085
-19.431791,-28.570086
0.95413846,-28.992928
29.820114,4.726549
64.0962,17.673399
-0.6852769,2.4917526
12.474106,4.7757134
48.474197,23.552658
-17.021412,-32.744396
-23.926577,-11.654724
-10.019374,-2.9260218
53.502007,-29.333136
0.10092517,53.008472
-39.83516,-17.657932
-0.48403546,50.10278
-21.878721,-33.107788
-18.07608,1.8000143
65.18663,-1.9700524
-31.403461,-27.072832
-0.027938459,-59.76869
-3.19602,-27.884966
-22.681929,-10.14342
-21.046816,-21.753172
-18.233496,-17.474352
-19.290995,-14.131813
58.3324,22.485632
7.073986,-19.512302
35.25074,13.34895
3.1003635,-3.551338
-11.845676,-51.61148
9.581746,-34.667984
-40.508644,37.62835
68.53759,-1.5393349
56.27255,-24.980396
7.2397017,-18.583162
-55.367622,6.866313
10.809628,-33.851093
-14.442211,-1.0996107
48.373676,23.598316
6.9800315,-24.651777
72.208336,8.675695
-9.221106,-49.465828
-40.508686,37.62832
-5.061949,20.377726
-8.976738,33.195698
11.737399,-33.785324
-40.08528,25.635479
-1.8623437,-31.680134
-25.428656,4.031238
-38.211494,-25.687115
-27.834557,-6.055776
30.568947,4.1861615
13.470787,18.66656
20.170681,-23.448685
65.10851,-16.320606
-33.002186,42.477024
-15.910143,-30.068817
30.485867,-35.167305
26.956821,-23.52645
14.759723,-64.18766
-16.056904,-15.465872
-0.8896477,-3.3305662
-39.450665,28.997082
3.6561565,-58.42662
-10.071767,33.282608
-24.97577,-1.0670418
-1.6139913,-33.435917
-34.352577,-20.892845
67.04972,9.496455
57.564804,17.293962
-32.020752,30.10459
5.8812804,63.120396
-40.8799,17.481203
-18.154055,2.7053242
4.371553,7.411389
-21.709898,-21.377281
-21.710028,-21.377499
-30.014849,29.19304
-7.6697497,-22.093433
-6.798511,44.114517
32.60615,25.800314
-41.26042,23.662012
12.298424,-32.23716
26.218649,29.522057
1.3596865,4.210543
-26.151894,-3.333538
37.028522,9.146728
-67.135376,-1.0984992
10.092213,-55.848495
29.945646,-32.493256
-32.726875,-22.893152
-32.56981,-8.328353
25.383938,32.304886
71.177635,8.403781
36.794937,4.6690946
17.865927,-49.849113
71.503685,-2.2154086
2.565104,64.62622
-2.1034386,2.0185158
-9.923448,-50.888535
13.88209,-62.708405
-45.50462,-28.783388
-67.27048,-10.084756
57.85235,-13.785772
-65.619545,7.7220383
-66.5042,-9.938214
-67.26778,-10.0792055
-66.47672,-9.941987
-66.464806,-9.9419775
-19.169785,-28.572056
6.084953,-36.679176
-8.164176,-47.467583
63.957306,-4.9031763
-1.0343515,12.765145
-24.534403,45.161472
19.62387,-22.49048
-6.8214736,-6.4754167
2.6778703,-32.309437
-0.8010732,43.301796
-45.364586,-31.579264
-7.70559,1.1114784
52.453125,22.690746
-30.283564,-32.359833
60.906937,23.364943
54.5408,22.85806
44.83992,18.71575
-0.9371445,-1.4234596
-18.406782,-21.264137
17.008318,-55.232998
-6.433837,41.790157
5.5785823,-36.581703
-1.917046,49.393944
64.89711,-16.594284
-47.671196,23.363611
-35.57059,-33.17331
-27.325829,-3.2036488
-48.35396,30.011127
-39.33331,-18.12553
-19.098799,-20.293032
38.024284,18.263813
-38.816628,-17.318972
4.047798,-35.653072
-26.275328,-5.1417994
-5.027506,35.544025
-18.06273,-3.1073408
-11.808628,-7.772311
-0.79396623,43.2314
-2.0516107,49.85797
-7.720373,34.482098
7.7058816,-13.478769
2.7819364,-15.791671
22.998981,-31.85764
-40.251095,26.483883
48.07922,23.179333
-4.0006843,-7.3739047
-18.119955,-18.24212
-36.368,28.506641
3.869279,-17.216543
-42.761337,-21.386707
-5.374196,32.74196
3.751132,60.79805
30.704874,-36.98815
26.519648,30.899084
2.7467873,-15.570526
-4.541799,0.9655103
4.6648264,-61.597225
-8.943541,-47.661682
-5.1085668,0.18450734
64.2339,-8.068032
-28.446062,-6.5814323
-19.464346,1.7334349
65.11048,-1.4813033
6.2355227,39.507145
19.779507,34.39093
-21.110874,-9.841069
-34.92564,-13.254753
55.303715,-27.622839
-7.6074023,-26.38471
8.254101,-64.17458
-11.718977,15.479718
18.769112,31.483027
-22.771708,2.2214081
-6.3199577,38.997753
30.733072,29.493626
9.738613,-34.56868
-30.867115,-14.292965
-48.27685,30.070154
-19.952534,3.934451
72.76889,7.741486
-57.83802,11.592987
2.373814,57.936264
-65.27839,-1.8263348
72.22705,8.630035
20.27254,-46.25147
31.220247,20.67704
19.450157,32.52936
-33.112717,41.635677
-19.436378,-26.502804
-7.776736,33.492638
-22.982166,-3.9203925
-3.2248938,-35.471455
-1.0522037,-0.7352553
-9.057878,13.798316
-48.167164,30.062899
-28.233368,-0.26303732
-55.891468,14.520977
28.655176,-34.299835
-32.782284,-8.179009
-7.3288136,-4.0465207
67.64188,6.1029563
69.79803,-3.5683353
-24.956394,-2.4748988
16.26018,19.93101
-41.44252,-18.080595
-0.8155766,43.377197
9.223552,66.8964
17.233877,-50.14394
14.945183,-64.35836
10.202277,-63.475643
12.320141,-63.721077
14.212085,-64.21036
-24.072893,45.135845
12.752748,-34.08559
60.646595,-16.900028
4.272612,-19.37761
3.2636251,-55.163685
-8.625888,35.769775
21.543034,38.18762
-0.102200605,51.562057
5.485753,23.28856
-4.7418485,-6.890214
13.033095,14.43529
-11.596562,-8.0616
-48.17411,30.052778
24.451824,-11.749336
59.26469,-18.18943
6.0356627,-59.535618
-11.601369,-6.7812467
-18.686842,-35.6727
26.493824,-33.657906
18.195774,-49.855648
7.9367213,-3.3519661
-56.453796,5.2809386
-7.1536717,-24.619953
53.03254,-26.864798
-21.710028,-21.377499
-2.9949274,44.518005
32.71868,6.431981
16.98606,18.48956
-0.9988708,45.904015
-66.91572,3.5627418
-4.5449896,-25.858278
36.158043,12.443421
-6.529236,-3.7316682
-6.262442,13.876302
-17.338726,-22.309227
-29.285973,-3.4172533
27.466984,-33.424103
1.9561914,55.61849
3.4225614,6.1934853
-21.317978,38.18622
25.478497,-14.148498
-19.336086,1.16693
-29.33444,46.774273
9.785799,-0.038180124
-0.74821705,48.460686
-2.7879229,42.398315
-4.211107,41.581432
-55.364723,6.838059
-33.704517,-9.963566
-20.444477,-8.835916
-18.418348,-27.698296
-1.6920002,-59.633945
-65.61916,7.720559
11.59304,-33.091755
17.922152,-32.023373
-55.36686,6.835129
-5.2213283,32.885254
-5.804156,38.725895
-30.781523,-14.313434
-48.284496,30.05092
38.461353,7.262322
1.6519802,44.635742
-9.998115,-7.154555
11.286914,7.7077193
-1.1352043,-58.422714
0.62536865,56.3764
-20.770487,-9.965926
11.806049,70.34045
-0.436309,-60.125328
-28.183386,-5.288707
11.86757,-63.60956
-1.9057833,50.675323
-29.610384,36.720974
13.040745,5.2735224
-2.4292243,43.906284
14.697382,-29.092989
-48.173546,30.053524
12.187044,4.9674206
-4.0804214,45.719524
-1.4118649,-28.412115
53.658287,21.040098
-1.136104,51.883713
9.464939,-10.359768
-48.334282,30.056732
-45.975613,23.772156
-67.58702,-10.114561
61.08062,-15.438563
-66.53652,-9.9464445
16.419594,-64.19328
-39.151974,29.129553
1.3970302,44.173546
-0.66075456,53.002945
-21.375969,4.003827
66.71576,-4.5548253
13.362284,18.656914
-11.933234,0.7328038
-40.509438,37.627167
14.820156,17.721853
-34.323376,30.968012
-45.36675,-31.60388
2.1285703,57.580368
13.842974,2.094145
-8.291299,-51.09596
32.401028,8.100194
-21.709639,-21.376848
16.598133,15.598305
-25.140627,3.8556404
1.6226183,44.53859
-0.9311244,0.16574883
3.7101042,65.373375
-46.192337,30.262726
-32.446022,-23.432703
17.411865,-31.921782
-40.50587,37.630314
-6.596541,40.200294
-24.877014,-6.1854696
30.360092,-37.98429
22.16793,-37.85026
-6.368747,52.46052
26.767815,-34.71192
-6.093532,42.224396
63.102085,-4.621383
18.757198,-23.39081
7.420382,-16.953259
66.00178,-3.7636225
-48.334217,30.056566
-6.5233517,-22.53579
-17.726002,-16.427984
17.591883,-31.376032
-19.33275,-14.946006
-67.588005,-10.110632
-46.657696,23.051363
-6.146122,39.867878
-21.386276,4.0090575
-29.055353,45.443146
-29.662634,45.78089
-5.064858,52.996418
-18.126575,-18.676823
-55.109833,14.23401
35.883144,11.060405
6.9975643,-18.680452
-65.619736,7.7240057
-33.017147,-8.604442
-19.447348,-28.066135
22.234379,34.882225
3.4022052,6.2186656
-4.771495,-6.342208
-20.8848,1.8505882
-45.539402,-27.623363
-10.477453,-51.059902
22.999296,-23.158737
-19.041403,-16.148214
-0.829161,43.428772
-6.107087,37.011116
7.6533136,-63.78884
-18.777554,-20.376472
-10.176973,0.05834432
-23.631454,0.6315976
69.10189,7.587286
66.91529,5.376297
25.419714,32.246735
-19.358232,-19.21011
2.113997,56.747856
-27.326448,31.609543
-35.873356,-28.079996
21.804596,-30.09236
-18.192612,-21.83444
-1.1089417,-58.8002
3.7716708,5.6103187
29.363138,-32.93283
61.15305,23.168245
-8.457982,-22.104624
-19.357037,-25.300806
19.174953,37.033627
-14.583421,-1.1488404
-27.45119,42.153164
17.46619,-20.498928
-6.460904,-54.73162
11.476796,-33.2099
-4.015087,-29.646841
-45.18499,-27.354689
-43.73697,-23.077288
14.812335,-64.08502
-35.195385,-32.80718
-57.8547,13.517273
32.452446,8.607692
30.245907,-37.795128
14.401821,-35.362656
-21.968893,-34.356308
43.59722,12.625211
17.374168,-20.64942
61.328465,-11.362811
32.72891,25.781467
-0.27526426,-58.354366
-34.300922,-6.552776
10.115668,70.33536
30.674976,25.646154
20.807186,37.18723
-0.838287,12.637674
-18.128235,-5.354968
13.985731,-29.630808
-66.28763,-2.3097343
9.330999,68.68064
6.7931485,-18.090714
-50.83042,18.770182
5.488855,-57.405056
-17.064873,-28.961958
29.239698,-23.806437
-4.0845966,-36.575737
-20.925758,-6.251991
3.173797,64.848656
-34.119144,31.667433
38.9231,9.808173
27.401945,-28.34475
5.207441,21.928638
-61.096798,12.5906725
-53.994526,17.75979
-21.683155,-34.626423
7.4074593,-3.995309
-38.849495,-22.36514
-49.385567,29.908445
-28.38484,34.151043
-60.18796,0.89268297
-45.49793,-28.77049
-28.930742,44.16982
-25.754246,-5.7807293
-65.41402,-1.9027469
-19.555153,-27.10909
-69.307304,-6.856367
-68.98783,-6.3444376
-10.530801,-50.266884
-0.9144232,1.9162009
13.651785,-30.403154
-73.89286,-9.588286
-51.576397,15.822571
7.74346,-62.976067
-3.9762022,20.7504
6.9608393,-63.10903
-36.18036,-33.945812
-2.6829028,-33.010895
-44.81727,-26.390686
53.464172,22.444725
45.47005,19.614693
18.856764,-24.387531
-32.59421,42.654804
-3.3104165,44.876568
-38.386127,-16.686361
-42.967636,-21.70938
56.561344,-22.446123
-0.033900242,49.73133
-36.001194,-33.915874
-8.548303,-51.165905
-4.7521644,20.375252
-68.21513,-6.1254425
-52.223038,17.636005
-42.515423,17.774458
8.85408,14.098829
11.357411,-33.54753
2.0619638,-33.587917
33.379738,20.976305
48.502247,23.121231
-23.046272,-3.9642026
-43.73958,-23.024878
-7.9025025,-49.614464
-22.077038,37.372765
65.97339,18.317019
-0.26934308,1.676628
62.305992,7.9202533
-67.721725,-5.0330157
10.538153,69.52159
-2.5120418,-36.950954
-6.5265756,-54.899292
-14.47637,-1.1414896
11.281074,18.499926
-8.617959,-20.325867
13.326777,-61.303505
7.7714853,65.64077
-30.361004,31.64816
18.020933,-49.947258
1.4724001,-17.57029
9.859781,-27.728237
16.825245,-54.211952
-27.734287,26.835598
12.378842,-62.999386
-44.83479,-26.340296
-7.081604,-26.80616
-36.176147,-31.976416
-59.105366,12.987389
58.797215,-15.844257
29.231537,-32.717632
-54.80657,14.729155
18.03583,33.71252
-11.539863,-8.03982
-68.2806,-6.042603
-4.0898414,-31.064545
-36.207508,-34.658577
13.41045,-64.610855
-60.34692,12.865693
-0.6715637,-58.71658
-13.788181,16.492779
13.349223,-64.47179
33.47429,-34.55759
-13.840744,16.50515
72.07939,6.548938
6.7245717,-60.157368
-45.49793,-28.77049
-36.538067,-22.21139
-20.949423,-20.026411
-60.5509,13.1271105
-40.0103,-23.554369
-7.5570188,-24.23348
-35.68097,41.80573
30.331383,-39.040516
44.5937,16.01513
-39.31472,-17.509453
-5.5185666,-54.020134
-4.687079,20.807405
-29.032217,37.0224
60.166042,-17.863644
-28.528028,46.632603
-4.573301,41.903664
18.970713,23.473124
-43.70968,-22.916576
-35.566616,29.59465
-43.526875,21.026457
63.483624,8.476237
-18.49891,-16.396364
-14.555606,-4.1952195
-15.151617,-7.9566317
2.1468668,-27.49858
-13.291366,-7.6906123
7.147941,-17.925083
30.983505,-38.67379
-19.125664,1.1589472
-38.80957,-26.158705
-42.010635,21.163021
63.93932,16.434439
3.07625,-16.073952
-42.769554,-32.378334
7.0093627,-18.830664
30.549204,6.3823743
22.247715,-21.411417
-10.1676655,33.628193
-25.205715,-3.0108228
21.441612,-21.15194
-29.227827,-3.3507535
-24.578098,-2.2978039
-27.047838,4.5033264
56.147602,-24.690125
25.188671,-14.036296
29.70735,-23.930893
-42.94919,-21.698875
-32.57186,-8.241013
5.1257625,-35.592274
-32.52546,-8.273813
-3.952455,42.46109
-0.28683284,50.132603
1.8860776,-28.36149
-10.476797,1.788773
-29.434443,37.91474
10.438785,70.36749
49.560696,22.333506
-7.9906945,-49.87441
18.715939,35.77835
63.29636,-11.576502
20.839867,-20.928148
1.6284442,-32.355053
14.08064,6.5698643
-41.281246,18.241596
-0.9208783,1.9170618
31.547514,-30.628628
3.8759804,65.40021
7.1086636,64.45136
68.92192,-3.8604252
-6.210933,-1.8923334
50.134525,20.032896
1.0699918,46.964314
-22.432169,1.4696176
26.42758,29.96769
50.35309,19.408312
57.342735,20.505009
-39.84051,-17.718838
-18.478,-13.554515
4.4220266,-34.556217
11.634542,12.928847
-49.048775,30.699831
-10.132385,-3.3483367
24.09806,-22.18506
64.58956,15.732492
7.451044,-5.2515945
-29.827982,-29.647459
7.402298,65.18721
-33.416687,-22.814318
10.849824,-12.428312
-20.617355,-28.9287
-6.080869,-55.159042
8.496829,67.64252
-44.397877,-30.152931
66.73632,7.3277373
26.893627,-23.51406
-1.0254444,1.361221
-9.736696,1.4489832
-5.64006,-1.1936662
-14.879248,-29.87204
2.4369864,58.951004
-4.3310986,38.50456
-7.564588,-51.906853
28.852896,-26.115177
-1.947385,1.6352642
-44.451134,21.347174
7.7080526,-63.657673
29.814766,7.5113854
23.291656,-16.68568
14.471897,-33.205894
-9.667877,-18.905268
4.0015297,-32.480347
-17.015348,-26.22684
-11.087788,16.635218
-1.8742545,1.7153829
8.738222,3.3318589
-25.947178,-5.783953
-3.4378927,44.00115
18.368002,32.749954
-33.852108,30.229074
-27.629843,43.558434
-17.072035,-28.829693
-25.48565,-3.275256
-21.69869,37.83901
-13.707622,-29.108797
69.126434,-3.653365
1.8377354,-61.66109
30.459307,-34.80368
-11.260739,-6.3552566
-65.5541,-2.3601515
-69.69789,-13.068829
-39.335636,-18.165607
19.494307,-20.317015
-46.27574,22.34786
-9.600537,-49.56386
57.93913,-13.399762
63.99441,-9.11422
-4.1311946,1.5587597
-66.077484,-0.43484712
1.8827478,-59.464905
-20.773638,38.180977
-62.27246,-1.9186455
-66.1238,5.5869474
-64.60171,5.5807323
-62.13699,-1.8739203
-28.958616,48.6545
27.92058,-25.876322
-1.3408952,11.620361
-0.38381833,-58.700603
-36.096615,-35.218998
18.44536,-22.663359
-5.0024095,21.060951
65.95831,6.9949546
18.400375,31.703812
-0.14524898,-16.325457
29.19648,-22.667597
-33.87857,-10.328517
1.8595983,-15.579516
-2.433321,-7.954358
3.7220109,-18.901886
36.261677,9.676226
16.54077,35.815086
-6.6189723,-53.0507
5.1049643,22.072977
-47.74633,23.215946
-58.598072,10.968738
-59.52536,11.912139
4.5647044,61.442684
-4.0766206,-36.478485
-43.892315,21.44441
-42.65189,-27.88417
63.926147,17.497715
-37.13096,-29.594471
-67.36484,-0.81298375
35.753365,6.685145
-33.771137,-8.222198
31.874094,20.69273
-31.60219,-30.763927
-11.123801,14.954513
-60.270977,0.8075845
59.760887,-9.22205
-67.01006,1.1625644
-0.40387848,-57.01347
-38.18468,-16.898067
-33.32036,-24.328566
-32.347946,-26.227266
-57.056973,19.385206
48.147015,22.286676
0.124217585,-58.42171
-26.000227,-4.9477987
59.128277,-15.759882
36.280983,8.155357
64.894516,-16.60192
7.824053,-61.955666
69.232346,-1.4922695
25.546812,28.818174
14.064677,15.712253
10.145383,70.46331
-39.32342,-18.159702
19.570074,29.784454
34.764965,7.868696
-26.639044,31.377796
-7.9965067,-51.086853
36.126724,12.380574
2.4423535,64.62129
38.786037,12.621125
-63.0989,-3.251421
67.49984,17.317184
10.927403,-63.59276
-24.458204,-4.5716233
19.434963,37.50382
2.5247188,-33.924603
-19.757364,-35.147373
-11.870098,16.671133
7.612486,2.3404496
51.888798,24.025639
54.991234,22.43245
-64.564896,5.626034
1.6816704,43.95333
-7.5913424,-4.475258
-40.16601,-18.505072
-43.98967,20.397564
-33.973076,-19.31298
-39.7941,38.304554
-18.436766,-17.084251
49.913742,22.278921
-14.961376,-4.473756
-40.51416,-27.776772
-68.40844,-0.75841576
34.695023,-31.78713
4.6771445,-3.4494903
-65.32895,-1.8603218
-33.38611,-8.56269
17.099499,-54.516426
-63.02286,4.7065206
-50.61192,17.731478
-66.61684,1.7084558
56.421444,-29.139595
19.208414,-31.975685
-7.9914527,-20.268887
35.14312,13.4004545
-32.394512,-22.701138
-3.1953924,-36.74914
0.14861296,-60.208626
18.320757,34.894794
-32.84958,43.259747
27.83886,28.73962
-13.420379,-3.4475148
72.00275,8.573282
-59.795406,2.8724258
-67.815506,0.5887185
-2.8556874,-25.600323
-30.819939,32.711025
-1.2318491,49.187443
8.481229,20.949804
-15.367566,-32.45106
2.2436457,13.926327
-33.28096,-21.650194
3.1461296,6.5345597
1.7799921,-17.52923
-33.488213,-7.8032846
61.207336,-10.7935705
-6.133973,0.79451466
12.729855,-29.492325
10.226918,21.146832
0.18417013,17.06537
-2.6805613,48.026855
66.18276,-14.961576
-18.35081,-5.3758445
25.685175,-20.915207
-65.77695,4.596289
-9.269594,-50.181606
66.40159,16.799961
17.424932,-50.115288
5.917794,22.108362
71.531364,-2.1714525
-5.4171357,-53.85125
-4.6439476,30.893475
61.18897,24.844372
6.42401,22.563786
-28.260618,42.685776
16.66745,14.815573
18.02453,-53.080776
17.040184,-54.97094
-11.357333,16.088184
-32.063953,-24.722286
-20.073671,-33.81403
-6.667069,-26.103535
-5.106395,49.12941
-15.566567,-32.47249
66.16825,-7.8228207
-45.947247,33.89601
67.26734,7.066202
-9.5657425,-50.822704
8.013455,67.793945
-10.186024,0.055185568
-20.741657,-5.763207
13.872959,-29.884443
14.199562,-29.504036
-42.85152,17.545656
21.421743,-21.169775
15.6150465,-31.812943
-9.216555,15.506104
-2.4839432,-32.726135
44.923683,14.78925
36.846703,7.7761006
44.759182,17.500114
-62.57672,1.5855525
-7.560177,-23.910866
-31.139772,35.97147
-8.3502655,-32.22585
35.345036,12.569932
19.410095,36.65519
28.286171,28.911072
61.76935,-15.8015
19.614983,24.735971
68.939476,-2.7562618
25.825071,-14.855205
-33.672768,41.925076
25.547556,-14.484157
-41.642212,28.116858
-4.225395,-26.949759
-28.177322,-6.4620175
-31.27054,-30.233452
62.416176,20.09869
-18.905811,-20.942993
55.604103,23.623835
66.77606,15.993364
-19.613678,-31.658772
-21.827528,-11.332856
-0.44515505,-17.310442
17.008747,18.73119
-4.3335557,-29.58093
19.757643,-21.422953
27.434805,-28.406818
43.91314,13.804286
7.49812,67.32441
31.481537,-30.852526
18.965584,23.464685
57.630306,-20.554523
49.587433,22.4369
-43.260113,26.735893
1.8029728,11.302358
55.927868,24.642136
-19.559883,-34.531757
14.628637,8.510358
47.656654,17.591312
16.669073,14.816216
-38.162292,-16.978968
-41.990234,17.02311
-41.88172,17.038908
-46.356094,33.67744
-27.763494,45.248447
-21.919594,37.56667
7.1799145,61.50734
5.3005514,61.715996
-54.60893,17.542965
30.032524,28.259802
-6.100182,-53.385563
29.644623,28.39399
6.3670907,-57.97888
-17.434626,-31.777534
-39.062206,30.232853
-15.833101,-29.23352
-39.21816,29.23239
35.403927,9.620896
-28.16466,-0.2048104
-35.82275,-30.906918
1.4000533,57.880245
57.14861,22.850946
36.29315,16.89061
29.722538,-31.610634
19.14005,33.089336
65.3315,17.74091
-56.604965,4.883735
-46.53587,33.58819
-31.435446,-31.032194
-17.99332,-19.291136
-50.5865,29.138725
-41.20745,27.30041
-0.09865353,-59.584282
-54.63292,7.1507587
-20.730354,-11.922469
-42.991383,-21.704569
6.9189777,-17.07469
55.643166,23.5015
-59.676174,11.984755
23.188345,39.351475
-52.944992,18.760256
14.779689,-51.44804
-6.954759,41.348537
7.540499,-18.303446
-54.36184,19.522856
-5.1202955,37.93725
-44.56975,21.673832
-39.57465,-18.179886
6.973733,-62.55612
-4.241684,39.494957
-43.152443,-33.256332
-43.549427,29.223581
-34.649033,-19.842339
5.708334,-26.42491
47.05065,15.710688
-25.490334,-1.8259388
20.860268,37.37463
4.377421,7.4166756
-1.3047405,-0.50518525
-36.18763,-21.80483
8.750048,-0.5737203
17.082209,-52.95166
38.56203,13.227513
-0.928168,-58.32523
58.018475,-21.38361
61.876213,-11.3590555
-43.712933,-22.98307
68.5066,-6.176173
69.85429,-3.5630832
64.265274,17.825697
-11.237987,-49.69046
46.965603,17.727991
15.522414,-63.770443
-43.067986,-33.54037
15.687025,-64.234795
15.223719,-63.62606
-44.57744,-32.049595
15.581838,-63.613953
44.76655,18.134506
-19.915506,0.16913033
0.9474027,-57.297382
-39.4646,27.420963
-35.54326,-13.034025
-33.27967,-7.2900248
-43.650944,-30.194744
-58.102554,11.736599
-35.4291,-13.149454
-9.534132,1.3832681
-0.31460372,52.85528
-19.106182,1.8615005
-6.385297,1.2573137
-20.677526,3.9463232
-33.406673,-7.559599
-57.668446,14.047856
-10.367257,1.7393017
39.923832,6.8565054
-34.824883,29.680887
25.016487,-13.028581
-4.831577,40.030506
-19.194784,-19.457355
-63.073788,6.7022066
9.173289,66.749985
22.133772,-30.181221
44.677967,14.96156
60.366577,-19.770197
0.2960859,-5.6221423
5.5817523,-2.4897215
-43.052128,-33.31619
19.806242,28.881931
15.060489,15.205114
-6.2804832,20.344576
-0.942523,-0.13661882
-24.514174,-4.942351
1.3574133,-60.707634
-45.296955,-26.267933
19.08466,35.649998
51.175552,22.317162
-1.1923121,2.7097323
66.42431,6.7815824
41.411964,20.016853
-4.9449377,-27.067177
2.5744808,-33.14966
16.6342,16.024162
-37.67682,27.583658
11.737145,70.32982
11.829942,5.221495
-5.3425364,39.17925
-45.51952,-31.841131
69.08563,4.2276993
67.354965,8.619135
1.455157,46.083744
22.056374,35.42167
-10.182634,-0.019566018
2.1521897,-28.148973
-5.2476053,32.605145
19.171432,32.048843
64.61319,-4.268773
-7.817938,1.4356406
30.446802,-37.633183
67.28296,-7.526342
19.481714,-47.12107
-32.757507,-7.3468304
54.08097,-30.536095
-9.126992,1.5038015
-32.372414,-26.241858
7.949827,65.857994
-27.178701,40.83009
-27.758564,26.865667
3.547972,15.931757
-5.871216,38.634945
63.911583,15.86643
-15.407625,-0.7370896
-18.245926,-29.47313
-32.445744,-7.334698
-43.333103,-33.238228
-10.652842,-23.294006
-45.28651,-26.22797
-43.259727,-33.230793
-42.511955,-33.674767
-22.351551,1.6608272
-15.344714,-0.71872956
52.574177,22.282036
1.3140374,-60.641514
66.88885,5.4498644
19.492023,-46.387985
9.689887,67.49704
56.313587,-23.304577
-18.960588,3.972949
3.507873,-62.73127
32.20344,19.392216
-45.12638,-31.243307
-23.499651,-12.151145
-3.9165936,-32.084988
-43.672436,-33.169662
34.69525,-31.789217
-37.943684,27.113428
15.763877,-63.682934
-5.479678,42.41689
-5.0908284,49.11327
2.820721,-15.5159025
-9.863233,-49.91149
0.7441627,0.5881062
-12.6816,-7.391246
25.672293,28.92157
19.235666,29.92191
-55.042263,19.559431
-67.33283,-1.775247
-29.34399,49.85633
17.461847,-51.180832
26.15042,-15.263029
-3.8060124,-29.853304
-22.608473,-30.206114
35.90121,11.183475
3.275768,56.827385
63.780773,8.9767685
-58.087536,11.82864
-4.117832,42.542927
10.860457,-12.418154
-14.991588,-32.681072
-13.053753,16.341284
-8.27413,-18.782856
-12.493991,16.3625
-67.836555,-5.8683114
-6.306281,38.00502
5.866163,-52.710747
-11.373994,0.34455827
31.39239,6.0710263
33.96808,18.577145
-21.346964,38.142273
-10.038761,1.619157
1.4391453,-34.65643
-1.7970288,-9.67092
-2.9568233,-8.419788
11.7239275,-32.948307
65.32014,7.924086
-0.70417,2.489776
-31.757566,-7.5175805
17.241611,35.855743
-11.576117,-51.492626
46.52023,23.033611
-8.59094,-19.54825
15.829151,19.20231
-32.030617,-7.8056498
10.70039,-64.16563
-33.845173,-10.34845
29.040949,29.419659
-0.19575886,14.161922
27.692404,-34.1631
28.496086,-33.770855
-7.3456454,-32.211704
-1.8350934,-9.645566
-16.130978,-29.292145
-40.92538,-19.17344
-46.466995,-30.17672
-55.69944,18.474463
-60.780052,14.798353
-54.972504,6.163031
-14.011109,16.503996
-56.843697,4.6321845
9.821639,-58.20586
-13.6094265,16.409317
71.79318,9.3458185
-19.238548,-32.031734
-41.851616,27.139551
5.3205137,-36.119007
2.6117969,56.462994
-26.351913,43.100628
-54.96804,15.528027
9.766791,70.32736
-55.844475,15.567192
2.4170697,-19.130558
-15.975781,-30.326492
-16.550396,-16.545115
28.64306,28.96609
-7.8675604,33.567135
6.0010076,62.93925
66.03278,-4.900174
-1.8395534,48.829205
61.386612,-10.224318
1.0085465,49.701626
8.09462,-61.526016
-54.514187,15.331537
5.2473173,-56.452293
43.223545,19.181746
-16.438093,-14.71948
31.779976,5.7326636
-2.1839437,48.173656
-40.106956,-17.607475
-19.632671,-31.438341
-9.69447,-1.9040533
45.39052,23.203278
58.156258,-21.99252
5.9916954,-21.626564
63.481514,8.030873
-31.357473,31.727839
-33.158314,-21.451778
-21.710049,-9.856432
-16.60354,-14.841196
18.022995,-23.043877
-48.23749,22.91599
23.39488,-31.472017
25.414246,-34.280994
32.46479,9.136048
41.231106,19.608273
35.40127,12.80089
9.665938,21.313055
9.331461,-10.556403
-34.87127,-28.98933
-18.266506,-16.818647
33.351967,20.93784
-32.931194,-7.669698
9.643398,20.780283
-1.0277549,43.95531
4.2241964,-30.266438
30.462708,-23.67809
-49.611942,21.053175
-15.61766,-14.305268
45.841846,17.98922
61.932636,-15.787904
66.84112,10.259439
60.30157,-22.819197
63.31801,20.333618
63.368305,20.341581
-66.65904,1.5989189
42.59082,18.313717
54.745182,-27.295937
1.800505,56.258503
-3.7291648,42.953537
-7.0230875,-50.06379
64.80058,-8.572449
-6.361148,19.102512
-7.3607597,-54.330055
-32.619164,-22.098183
-42.021683,-26.91269
55.646145,22.904665
-7.626563,-21.86489
21.087528,-32.024246
-19.618906,-31.01614
16.455238,19.224329
59.220673,-18.380074
-10.724347,-7.418202
4.660401,-35.902626
15.208241,-64.21334
-2.558038,-27.491398
-0.9577807,52.398445
67.61268,-4.546674
-30.963474,36.396202
-20.495604,4.707791
-12.557205,17.307526
-9.485275,18.776518
-26.28881,41.73818
-6.4141607,-23.426744
-1.0359908,-58.124077
45.157112,16.038235
9.449567,20.872036
66.38962,16.350107
-44.976204,21.697443
0.20460981,-6.6205316
20.679676,-45.95922
3.897907,-16.443771
47.35649,19.935823
67.38845,4.21997
-0.8695699,1.0778166
5.0903435,-36.28622
1.5756444,-17.390945
6.565421,-55.791
-50.453903,29.188013
-2.9223616,1.7294904
36.83024,10.246902
59.71535,-19.54323
12.997396,13.226537
1.1900712,43.97897
8.116008,-12.434943
-7.280062,0.5168444
-27.213417,31.615078
19.322487,30.206894
-11.2019,-51.24306
60.34245,-19.799633
-20.625011,-29.704798
22.248896,36.027523
12.2071,19.846003
19.307053,37.88293
3.2282722,-62.062424
-11.098238,15.517682
-35.713257,-14.061575
